{"type":"FeatureCollection","metadata":{"attribution":"© les contributeurs OpenStreetMap (ODbL) · Ville de Lyon (Licence Ouverte 2.0)","count":307},"features":[{"type":"Feature","geometry":{"type":"Point","coordinates":[4.833732,45.767154]},"properties":{"id":"lyon:TOI-69381-011","src":"lyon","name":"Palais St Pierre","address":"20, place des Terreaux, 69001 Lyon","fee":false,"hours":"Mo-Th 10:00-18:00;Fr 10:30-18:00;Sa-Su 10:00-18:00","wheelchair":null,"changing_table":null,"male_only":false,"supervised":null,"dry":null,"access":"yes","oos":false,"note":"dans cour intérieure"}},{"type":"Feature","geometry":{"type":"Point","coordinates":[4.827854,45.75187]},"properties":{"id":"lyon:TOI-69382-027","src":"lyon","name":"Carnot","address":"Place Carnot, 69002 Lyon","fee":false,"hours":"Mo-Su 06:00-02:00","wheelchair":null,"changing_table":null,"male_only":false,"supervised":null,"dry":null,"access":"yes","oos":false,"note":"ouest"}},{"type":"Feature","geometry":{"type":"Point","coordinates":[4.829429,45.754181]},"properties":{"id":"lyon:TOI-69382-028","src":"lyon","name":"Ampère","address":"7, rue d'Auvergne, 69002 Lyon","fee":false,"hours":"Mo-Su 06:00-02:00","wheelchair":null,"changing_table":null,"male_only":false,"supervised":null,"dry":null,"access":"yes","oos":false,"note":null}},{"type":"Feature","geometry":{"type":"Point","coordinates":[4.831578,45.75877]},"properties":{"id":"lyon:TOI-69382-212","src":"lyon","name":"Bellecour","address":"place Bellecour, 69002 Lyon","fee":false,"hours":"Mo-Su 08:00-19:30","wheelchair":null,"changing_table":null,"male_only":false,"supervised":true,"dry":null,"access":"yes","oos":false,"note":"sanitaire surveillé"}},{"type":"Feature","geometry":{"type":"Point","coordinates":[4.851644,45.756777]},"properties":{"id":"lyon:TOI-69383-032","src":"lyon","name":"Paul Bert","address":"86, rue Paul Bert, 69003 Lyon","fee":false,"hours":"Mo-Su 05:00-22:00","wheelchair":null,"changing_table":null,"male_only":false,"supervised":null,"dry":null,"access":"yes","oos":false,"note":null}},{"type":"Feature","geometry":{"type":"Point","coordinates":[4.857253,45.757352]},"properties":{"id":"lyon:TOI-69383-036","src":"lyon","name":"Renaudel","address":"Place Pierre Renaudel, 69003 Lyon","fee":false,"hours":"Mo-Su 05:00-22:00","wheelchair":null,"changing_table":null,"male_only":false,"supervised":null,"dry":null,"access":"yes","oos":true,"note":"condamné"}},{"type":"Feature","geometry":{"type":"Point","coordinates":[4.886183,45.75377]},"properties":{"id":"lyon:TOI-69383-037","src":"lyon","name":"Reconnaissance","address":"Place de la Reconnaissance, 69003 Lyon","fee":false,"hours":"Mo-Su 05:00-22:00","wheelchair":null,"changing_table":null,"male_only":false,"supervised":null,"dry":null,"access":"yes","oos":false,"note":null}},{"type":"Feature","geometry":{"type":"Point","coordinates":[4.849836,45.75351]},"properties":{"id":"lyon:TOI-69383-317","src":"lyon","name":"Aristide Briand","address":"7, place Aristide Briand, 69003 Lyon","fee":false,"hours":"Mo-Su 06:00-22:00","wheelchair":null,"changing_table":null,"male_only":false,"supervised":null,"dry":null,"access":"yes","oos":false,"note":null}},{"type":"Feature","geometry":{"type":"Point","coordinates":[4.855977,45.752677]},"properties":{"id":"lyon:TOI-69383-318","src":"lyon","name":"Bir Hakeim","address":"Place Bir-Hakeim, 69003 Lyon","fee":false,"hours":"Mo-Su 06:00-02:00","wheelchair":null,"changing_table":null,"male_only":false,"supervised":null,"dry":null,"access":"yes","oos":false,"note":null}},{"type":"Feature","geometry":{"type":"Point","coordinates":[4.816684,45.775195]},"properties":{"id":"lyon:TOI-69384-045","src":"lyon","name":"Cerisaie","address":"rue Chazière, 69004 Lyon","fee":false,"hours":"Mo-Su 08:00-22:00","wheelchair":null,"changing_table":null,"male_only":false,"supervised":null,"dry":null,"access":"yes","oos":false,"note":null}},{"type":"Feature","geometry":{"type":"Point","coordinates":[4.815635,45.778267]},"properties":{"id":"lyon:TOI-69384-049","src":"lyon","name":"Chazière","address":"rue Chazière, 69004 Lyon","fee":false,"hours":"Mo-Su 08:00-22:00","wheelchair":null,"changing_table":null,"male_only":false,"supervised":null,"dry":null,"access":"yes","oos":false,"note":null}},{"type":"Feature","geometry":{"type":"Point","coordinates":[4.82772,45.774638]},"properties":{"id":"lyon:TOI-69384-413","src":"lyon","name":"Mairie","address":"Boulevard de la Croix-Rousse, 69004 Lyon","fee":false,"hours":"Mo-Su 06:00-02:00","wheelchair":null,"changing_table":null,"male_only":false,"supervised":null,"dry":null,"access":"yes","oos":false,"note":null}},{"type":"Feature","geometry":{"type":"Point","coordinates":[4.79602,45.76237]},"properties":{"id":"lyon:TOI-69385-051","src":"lyon","name":"Champvert","address":"Rue de Champvert, 69005 Lyon","fee":false,"hours":"","wheelchair":null,"changing_table":null,"male_only":false,"supervised":null,"dry":null,"access":"yes","oos":false,"note":null}},{"type":"Feature","geometry":{"type":"Point","coordinates":[4.81178,45.762529]},"properties":{"id":"lyon:TOI-69385-055","src":"lyon","name":"Cardinal Gerlier","address":"43, rue du Cardinal Gerlier, 69005 Lyon","fee":false,"hours":"Mo-Su 05:00-22:00","wheelchair":null,"changing_table":null,"male_only":false,"supervised":null,"dry":null,"access":"yes","oos":false,"note":"en face"}},{"type":"Feature","geometry":{"type":"Point","coordinates":[4.815814,45.760174]},"properties":{"id":"lyon:TOI-69385-058","src":"lyon","name":"Radisson","address":"Rue Roger Radisson, 69005 Lyon","fee":false,"hours":"","wheelchair":null,"changing_table":null,"male_only":false,"supervised":null,"dry":null,"access":"yes","oos":false,"note":null}},{"type":"Feature","geometry":{"type":"Point","coordinates":[4.82077,45.755187]},"properties":{"id":"lyon:TOI-69385-511","src":"lyon","name":"Abbé Larue","address":"Place Abbé Larue, 69005 Lyon","fee":false,"hours":"","wheelchair":null,"changing_table":null,"male_only":false,"supervised":null,"dry":null,"access":"yes","oos":false,"note":null}},{"type":"Feature","geometry":{"type":"Point","coordinates":[4.827549,45.76039]},"properties":{"id":"lyon:TOI-69385-515","src":"lyon","name":"St Jean","address":"Avenue Adolphe Max, 69005 Lyon","fee":false,"hours":"Mo-Su 08:00-19:30","wheelchair":null,"changing_table":null,"male_only":false,"supervised":true,"dry":null,"access":"yes","oos":false,"note":"sanitaire surveillé"}},{"type":"Feature","geometry":{"type":"Point","coordinates":[4.858057,45.780005]},"properties":{"id":"lyon:TOI-69386-061","src":"lyon","name":"Ebats","address":"allée des ébats, 69006 Lyon","fee":false,"hours":"Mo-Su 06:30-22:30","wheelchair":null,"changing_table":null,"male_only":false,"supervised":null,"dry":null,"access":"yes","oos":false,"note":null}},{"type":"Feature","geometry":{"type":"Point","coordinates":[4.858552,45.778607]},"properties":{"id":"lyon:TOI-69386-063","src":"lyon","name":"Gardes","address":"allée du chemin de fer, 69006 Lyon","fee":false,"hours":"Mo-Su 06:30-22:30","wheelchair":null,"changing_table":null,"male_only":false,"supervised":null,"dry":null,"access":"yes","oos":false,"note":null}},{"type":"Feature","geometry":{"type":"Point","coordinates":[4.858552,45.778607]},"properties":{"id":"lyon:TOI-69386-065","src":"lyon","name":"Voûte","address":"allée du chemin de fer, 69006 Lyon","fee":false,"hours":"Mo-Su 06:30-22:30","wheelchair":null,"changing_table":null,"male_only":false,"supervised":null,"dry":null,"access":"yes","oos":false,"note":null}},{"type":"Feature","geometry":{"type":"Point","coordinates":[4.853154,45.775446]},"properties":{"id":"lyon:TOI-69386-067","src":"lyon","name":"Daims","address":"allée du parc aux daims, 69006 Lyon","fee":false,"hours":"Mo-Su 06:30-22:30","wheelchair":null,"changing_table":null,"male_only":false,"supervised":null,"dry":null,"access":"yes","oos":false,"note":null}},{"type":"Feature","geometry":{"type":"Point","coordinates":[4.85064,45.781322]},"properties":{"id":"lyon:TOI-69386-068","src":"lyon","name":"Roseraie","address":"allée du lac, 69006 Lyon","fee":false,"hours":"Mo-Su 06:30-22:30","wheelchair":null,"changing_table":null,"male_only":false,"supervised":null,"dry":true,"access":"yes","oos":false,"note":"6h30 - 20h30 - toilette sèche"}},{"type":"Feature","geometry":{"type":"Point","coordinates":[4.852074,45.778694]},"properties":{"id":"lyon:TOI-69386-610","src":"lyon","name":"Cité internationale 2","address":"allée Achille Lignon, 69006 Lyon","fee":false,"hours":"Mo-Su 05:00-22:00","wheelchair":null,"changing_table":null,"male_only":false,"supervised":null,"dry":null,"access":"yes","oos":false,"note":null}},{"type":"Feature","geometry":{"type":"Point","coordinates":[4.843756,45.771863]},"properties":{"id":"lyon:TOI-69386-618","src":"lyon","name":"Puvis de Chavannes","address":"Place Puvis de Chavannes, 69006 Lyon","fee":false,"hours":"Mo-Su 06:00-02:00","wheelchair":null,"changing_table":null,"male_only":false,"supervised":null,"dry":null,"access":"yes","oos":false,"note":null}},{"type":"Feature","geometry":{"type":"Point","coordinates":[4.841498,45.769388]},"properties":{"id":"lyon:TOI-69386-620","src":"lyon","name":"Lyautey","address":"Place Maréchal Lyautey, 69006 Lyon","fee":false,"hours":"Mo-Su 06:00-02:00","wheelchair":null,"changing_table":null,"male_only":false,"supervised":null,"dry":null,"access":"yes","oos":false,"note":null}},{"type":"Feature","geometry":{"type":"Point","coordinates":[4.845123,45.765615]},"properties":{"id":"lyon:TOI-69386-621","src":"lyon","name":"Quinet","address":"Place Edgar Quinet, 69006 Lyon","fee":false,"hours":"Mo-Su 06:00-02:00","wheelchair":null,"changing_table":null,"male_only":false,"supervised":null,"dry":null,"access":"yes","oos":false,"note":"face au n° 32, avenue de Saxe"}},{"type":"Feature","geometry":{"type":"Point","coordinates":[4.825035,45.726034]},"properties":{"id":"lyon:TOI-69387-073","src":"lyon","name":"Gerland 1","address":"3 allée Pierre de Coubertin, 69007 Lyon","fee":false,"hours":"Mo-Su 06:30-22:30","wheelchair":null,"changing_table":null,"male_only":false,"supervised":null,"dry":null,"access":"yes","oos":false,"note":"vers locomotive"}},{"type":"Feature","geometry":{"type":"Point","coordinates":[4.82638,45.721453]},"properties":{"id":"lyon:TOI-69387-074","src":"lyon","name":"Gerland 2","address":"405 avenue Jean Jaurès, 69007 Lyon","fee":false,"hours":"Mo-Su 06:30-22:30","wheelchair":null,"changing_table":null,"male_only":false,"supervised":null,"dry":null,"access":"yes","oos":false,"note":"vers LOU"}},{"type":"Feature","geometry":{"type":"Point","coordinates":[4.824761,45.720189]},"properties":{"id":"lyon:TOI-69387-075","src":"lyon","name":"Gerland 3","address":"419 avenue Jean Jaurès, 69007 Lyon","fee":false,"hours":"Mo-Su 06:30-22:30","wheelchair":null,"changing_table":null,"male_only":false,"supervised":null,"dry":null,"access":"yes","oos":false,"note":"vers abeilles"}},{"type":"Feature","geometry":{"type":"Point","coordinates":[4.821917,45.728274]},"properties":{"id":"lyon:TOI-69387-076","src":"lyon","name":"Gerland 4","address":"2 place de Montréal, 69007 Lyon","fee":false,"hours":"Mo-Su 06:30-22:30","wheelchair":null,"changing_table":null,"male_only":false,"supervised":null,"dry":true,"access":"yes","oos":false,"note":"Toilette sèche 6h30 - 20h30"}},{"type":"Feature","geometry":{"type":"Point","coordinates":[4.856913,45.743105]},"properties":{"id":"lyon:TOI-69387-078","src":"lyon","name":"Blandan 1","address":"37 rue de l'épargne, 69007 Lyon","fee":false,"hours":"Mo-Su 06:30-22:30","wheelchair":null,"changing_table":null,"male_only":false,"supervised":null,"dry":null,"access":"yes","oos":false,"note":"esplanade"}},{"type":"Feature","geometry":{"type":"Point","coordinates":[4.850988,45.746122]},"properties":{"id":"lyon:TOI-69387-079","src":"lyon","name":"Blandan 2","address":"2 ruelle du grand casernement, 69007 Lyon","fee":false,"hours":"Mo-Su 06:30-22:30","wheelchair":null,"changing_table":null,"male_only":false,"supervised":null,"dry":null,"access":"yes","oos":false,"note":"doûves"}},{"type":"Feature","geometry":{"type":"Point","coordinates":[4.843282,45.74625]},"properties":{"id":"lyon:TOI-69387-716","src":"lyon","name":"Jean Macé","address":"Place Jean Macé, 69007 Lyon","fee":false,"hours":"Mo-Su 06:00-22:00","wheelchair":null,"changing_table":null,"male_only":false,"supervised":null,"dry":null,"access":"yes","oos":false,"note":null}},{"type":"Feature","geometry":{"type":"Point","coordinates":[4.885018,45.729873]},"properties":{"id":"lyon:TOI-69388-082","src":"lyon","name":"Latarget","address":"Place André Latarjet, 69008 Lyon","fee":false,"hours":"Mo-Su 05:00-22:00","wheelchair":null,"changing_table":null,"male_only":false,"supervised":null,"dry":null,"access":"yes","oos":false,"note":null}},{"type":"Feature","geometry":{"type":"Point","coordinates":[4.853785,45.724867]},"properties":{"id":"lyon:TOI-69388-085","src":"lyon","name":"Clos Layat","address":"290 route de Vienne, 69008 Lyon","fee":false,"hours":"Mo-Su 08:00-22:00","wheelchair":null,"changing_table":null,"male_only":false,"supervised":null,"dry":null,"access":"yes","oos":false,"note":null}},{"type":"Feature","geometry":{"type":"Point","coordinates":[4.871991,45.744919]},"properties":{"id":"lyon:TOI-69388-089","src":"lyon","name":"Ambroise Courtois","address":"Place Ambroise Courtois, 69008 Lyon","fee":false,"hours":"Mo-Su 06:00-02:00","wheelchair":null,"changing_table":null,"male_only":false,"supervised":null,"dry":null,"access":"yes","oos":false,"note":null}},{"type":"Feature","geometry":{"type":"Point","coordinates":[4.801449,45.772455]},"properties":{"id":"lyon:TOI-69389-091","src":"lyon","name":"Montel","address":"8, rue Docteur Horand, 69009 Lyon","fee":false,"hours":"Mo-Su 05:00-22:00","wheelchair":null,"changing_table":null,"male_only":false,"supervised":null,"dry":null,"access":"yes","oos":false,"note":null}},{"type":"Feature","geometry":{"type":"Point","coordinates":[4.801274,45.788656]},"properties":{"id":"lyon:TOI-69389-093","src":"lyon","name":"Balmont","address":"40 Boulevard de Balmont, 69009 Lyon","fee":false,"hours":"Mo-Su 05:00-22:00","wheelchair":null,"changing_table":null,"male_only":false,"supervised":null,"dry":null,"access":"yes","oos":false,"note":null}},{"type":"Feature","geometry":{"type":"Point","coordinates":[4.79839,45.764753]},"properties":{"id":"lyon:TOI-69389-097","src":"lyon","name":"Buyer","address":"153, avenue Barthélemy Buyer, 69009 Lyon","fee":false,"hours":"Mo-Su 05:00-22:00","wheelchair":null,"changing_table":null,"male_only":false,"supervised":null,"dry":null,"access":"yes","oos":false,"note":null}},{"type":"Feature","geometry":{"type":"Point","coordinates":[4.80971,45.780313]},"properties":{"id":"lyon:TOI-69389-099","src":"lyon","name":"Gare d'eau","address":"pont Robert Schuman, 69009 Lyon","fee":false,"hours":"Mo-Su 05:00-22:00","wheelchair":null,"changing_table":null,"male_only":false,"supervised":null,"dry":null,"access":"yes","oos":false,"note":null}},{"type":"Feature","geometry":{"type":"Point","coordinates":[4.817194,45.75624]},"properties":{"id":"lyon:TOI-69389-913","src":"lyon","name":"Balmes","address":"rue des Macchabées, 69005 Lyon","fee":false,"hours":"","wheelchair":null,"changing_table":null,"male_only":false,"supervised":null,"dry":null,"access":"yes","oos":false,"note":null}},{"type":"Feature","geometry":{"type":"Point","coordinates":[4.79483,45.777121]},"properties":{"id":"lyon:TOI-69389-915","src":"lyon","name":"Vallon 1","address":"259 boulevard de la Duchère, 69009 Lyon","fee":false,"hours":"","wheelchair":null,"changing_table":null,"male_only":false,"supervised":null,"dry":true,"access":"yes","oos":false,"note":"toilette sèche"}},{"type":"Feature","geometry":{"type":"Point","coordinates":[4.79483,45.777121]},"properties":{"id":"lyon:TOI-69389-916","src":"lyon","name":"Vallon 2","address":"101 boulevard de la Duchère, 69009 Lyon","fee":false,"hours":"","wheelchair":null,"changing_table":null,"male_only":false,"supervised":null,"dry":true,"access":"yes","oos":false,"note":"toilette sèche"}},{"type":"Feature","geometry":{"type":"Point","coordinates":[4.79483,45.777121]},"properties":{"id":"lyon:TOI-69389-917","src":"lyon","name":"Vallon 3","address":"249 boulevard de la Duchère, 69009 Lyon","fee":false,"hours":"","wheelchair":null,"changing_table":null,"male_only":false,"supervised":null,"dry":true,"access":"yes","oos":false,"note":"toilette sèche"}},{"type":"Feature","geometry":{"type":"Point","coordinates":[4.803591,45.779636]},"properties":{"id":"lyon:TOI-69389-921","src":"lyon","name":"Place de Paris","address":"Place de Paris, 69009 Lyon","fee":false,"hours":"Mo-Su 06:00-02:00","wheelchair":null,"changing_table":null,"male_only":false,"supervised":null,"dry":null,"access":"yes","oos":false,"note":null}},{"type":"Feature","geometry":{"type":"Point","coordinates":[4.837359,45.750176]},"properties":{"id":"osm:node/10185484071","src":"osm","name":null,"address":null,"fee":null,"hours":null,"wheelchair":null,"changing_table":null,"male_only":false,"supervised":null,"dry":null,"access":"yes","oos":false,"checked":null}},{"type":"Feature","geometry":{"type":"Point","coordinates":[4.826209,45.758464]},"properties":{"id":"osm:node/10218858234","src":"osm","name":null,"address":null,"fee":true,"hours":null,"wheelchair":"yes","changing_table":null,"male_only":false,"supervised":null,"dry":null,"access":"yes","oos":false,"checked":null}},{"type":"Feature","geometry":{"type":"Point","coordinates":[4.829161,45.763333]},"properties":{"id":"osm:node/10243446499","src":"osm","name":null,"address":null,"fee":false,"hours":null,"wheelchair":"yes","changing_table":null,"male_only":false,"supervised":null,"dry":null,"access":"yes","oos":false,"checked":null}},{"type":"Feature","geometry":{"type":"Point","coordinates":[4.84455,45.750009]},"properties":{"id":"osm:node/1029543030","src":"osm","name":"Sanitaire Public de la Rue Saint-Jérôme","address":"Rue Saint Jérôme, 69007 Lyon","fee":false,"hours":"Mo-Su 06:00-02:00","wheelchair":"yes","changing_table":false,"male_only":false,"supervised":false,"dry":null,"access":"yes","oos":false,"checked":"2025-02-27","merged_from":["lyon:TOI-69387-715"]}},{"type":"Feature","geometry":{"type":"Point","coordinates":[4.857595,45.784825]},"properties":{"id":"osm:node/10591726923","src":"osm","name":"27","address":"quai Charles de Gaulle, 69006 Lyon","fee":false,"hours":"Mo-Su 05:00-22:00","wheelchair":"yes","changing_table":null,"male_only":false,"supervised":null,"dry":null,"access":"no","oos":false,"checked":null,"merged_from":["lyon:TOI-69386-069"]}},{"type":"Feature","geometry":{"type":"Point","coordinates":[4.877716,45.730249]},"properties":{"id":"osm:node/10784284496","src":"osm","name":null,"address":null,"fee":false,"hours":"24/7","wheelchair":"yes","changing_table":false,"male_only":false,"supervised":false,"dry":null,"access":"yes","oos":false,"checked":null}},{"type":"Feature","geometry":{"type":"Point","coordinates":[4.840178,45.755767]},"properties":{"id":"osm:node/10858728875","src":"osm","name":null,"address":null,"fee":false,"hours":null,"wheelchair":"no","changing_table":null,"male_only":false,"supervised":null,"dry":null,"access":"yes","oos":false,"checked":null}},{"type":"Feature","geometry":{"type":"Point","coordinates":[4.809925,45.773412]},"properties":{"id":"osm:node/1099868525","src":"osm","name":"Sanitaire Public du Quai Arloing","address":"10, Quai Arloing, 69009 Lyon","fee":false,"hours":"Mo-Su 06:00-02:00","wheelchair":"yes","changing_table":null,"male_only":false,"supervised":false,"dry":null,"access":"yes","oos":false,"checked":"2025-04-21","merged_from":["lyon:TOI-69389-918"]}},{"type":"Feature","geometry":{"type":"Point","coordinates":[4.816905,45.780888]},"properties":{"id":"osm:node/11032339823","src":"osm","name":null,"address":null,"fee":null,"hours":null,"wheelchair":null,"changing_table":null,"male_only":false,"supervised":null,"dry":null,"access":"yes","oos":false,"checked":null}},{"type":"Feature","geometry":{"type":"Point","coordinates":[4.816653,45.7415]},"properties":{"id":"osm:node/11062111825","src":"osm","name":null,"address":null,"fee":false,"hours":null,"wheelchair":"yes","changing_table":true,"male_only":false,"supervised":null,"dry":null,"access":"yes","oos":false,"checked":null}},{"type":"Feature","geometry":{"type":"Point","coordinates":[4.855209,45.744675]},"properties":{"id":"osm:node/11093750417","src":"osm","name":null,"address":null,"fee":false,"hours":null,"wheelchair":"yes","changing_table":null,"male_only":false,"supervised":null,"dry":null,"access":"yes","oos":false,"checked":null}},{"type":"Feature","geometry":{"type":"Point","coordinates":[4.816575,45.74124]},"properties":{"id":"osm:node/11288698970","src":"osm","name":null,"address":null,"fee":false,"hours":null,"wheelchair":"yes","changing_table":null,"male_only":false,"supervised":null,"dry":null,"access":"yes","oos":false,"checked":null}},{"type":"Feature","geometry":{"type":"Point","coordinates":[4.88867,45.745253]},"properties":{"id":"osm:node/11338246953","src":"osm","name":null,"address":null,"fee":null,"hours":null,"wheelchair":null,"changing_table":null,"male_only":false,"supervised":null,"dry":null,"access":"yes","oos":false,"checked":null}},{"type":"Feature","geometry":{"type":"Point","coordinates":[4.885021,45.749252]},"properties":{"id":"osm:node/11359767871","src":"osm","name":null,"address":null,"fee":null,"hours":null,"wheelchair":"limited","changing_table":false,"male_only":false,"supervised":null,"dry":null,"access":"customers","oos":false,"checked":null}},{"type":"Feature","geometry":{"type":"Point","coordinates":[4.842518,45.768734]},"properties":{"id":"osm:node/11700925638","src":"osm","name":null,"address":null,"fee":false,"hours":null,"wheelchair":"yes","changing_table":null,"male_only":false,"supervised":null,"dry":null,"access":"yes","oos":false,"checked":null}},{"type":"Feature","geometry":{"type":"Point","coordinates":[4.860749,45.747253]},"properties":{"id":"osm:node/11861849776","src":"osm","name":null,"address":null,"fee":false,"hours":null,"wheelchair":null,"changing_table":null,"male_only":false,"supervised":null,"dry":null,"access":"yes","oos":false,"checked":null}},{"type":"Feature","geometry":{"type":"Point","coordinates":[4.860971,45.748075]},"properties":{"id":"osm:node/11861849777","src":"osm","name":null,"address":null,"fee":null,"hours":null,"wheelchair":null,"changing_table":null,"male_only":false,"supervised":null,"dry":null,"access":"yes","oos":false,"checked":null}},{"type":"Feature","geometry":{"type":"Point","coordinates":[4.860904,45.747859]},"properties":{"id":"osm:node/11862402785","src":"osm","name":null,"address":null,"fee":null,"hours":null,"wheelchair":null,"changing_table":null,"male_only":false,"supervised":null,"dry":null,"access":"yes","oos":false,"checked":null}},{"type":"Feature","geometry":{"type":"Point","coordinates":[4.817676,45.737557]},"properties":{"id":"osm:node/12039750577","src":"osm","name":null,"address":null,"fee":false,"hours":"Mo-Su 10:00-20:00","wheelchair":"no","changing_table":null,"male_only":false,"supervised":null,"dry":null,"access":"yes","oos":false,"checked":null}},{"type":"Feature","geometry":{"type":"Point","coordinates":[4.826727,45.765963]},"properties":{"id":"osm:node/12124575766","src":"osm","name":null,"address":null,"fee":false,"hours":"06:00-22:00","wheelchair":"yes","changing_table":false,"male_only":false,"supervised":null,"dry":null,"access":"customers","oos":false,"checked":null}},{"type":"Feature","geometry":{"type":"Point","coordinates":[4.826548,45.749646]},"properties":{"id":"osm:node/12131006404","src":"osm","name":null,"address":null,"fee":false,"hours":null,"wheelchair":null,"changing_table":null,"male_only":false,"supervised":null,"dry":null,"access":"yes","oos":false,"checked":null}},{"type":"Feature","geometry":{"type":"Point","coordinates":[4.86294,45.754656]},"properties":{"id":"osm:node/12260817347","src":"osm","name":null,"address":null,"fee":false,"hours":null,"wheelchair":"limited","changing_table":false,"male_only":false,"supervised":null,"dry":null,"access":"yes","oos":false,"checked":null}},{"type":"Feature","geometry":{"type":"Point","coordinates":[4.82274,45.762978]},"properties":{"id":"osm:node/1226412827","src":"osm","name":null,"address":null,"fee":false,"hours":"07:00-20:00","wheelchair":"yes","changing_table":null,"male_only":false,"supervised":null,"dry":null,"access":"yes","oos":false,"checked":null}},{"type":"Feature","geometry":{"type":"Point","coordinates":[4.880753,45.752673]},"properties":{"id":"osm:node/12351363519","src":"osm","name":null,"address":null,"fee":false,"hours":null,"wheelchair":"yes","changing_table":null,"male_only":false,"supervised":null,"dry":null,"access":"yes","oos":false,"checked":null}},{"type":"Feature","geometry":{"type":"Point","coordinates":[4.882397,45.752637]},"properties":{"id":"osm:node/12351363520","src":"osm","name":null,"address":null,"fee":false,"hours":null,"wheelchair":"yes","changing_table":null,"male_only":false,"supervised":null,"dry":null,"access":"yes","oos":false,"checked":null}},{"type":"Feature","geometry":{"type":"Point","coordinates":[4.829782,45.76842]},"properties":{"id":"osm:node/12466731023","src":"osm","name":null,"address":null,"fee":null,"hours":null,"wheelchair":"yes","changing_table":false,"male_only":false,"supervised":null,"dry":null,"access":"customers","oos":false,"checked":null}},{"type":"Feature","geometry":{"type":"Point","coordinates":[4.840611,45.758192]},"properties":{"id":"osm:node/12750423664","src":"osm","name":null,"address":null,"fee":false,"hours":null,"wheelchair":"yes","changing_table":null,"male_only":false,"supervised":null,"dry":null,"access":"yes","oos":false,"checked":null}},{"type":"Feature","geometry":{"type":"Point","coordinates":[4.808704,45.782005]},"properties":{"id":"osm:node/12751868504","src":"osm","name":null,"address":null,"fee":false,"hours":null,"wheelchair":"no","changing_table":null,"male_only":false,"supervised":null,"dry":null,"access":"yes","oos":false,"checked":null}},{"type":"Feature","geometry":{"type":"Point","coordinates":[4.789155,45.765871]},"properties":{"id":"osm:node/12840098140","src":"osm","name":null,"address":null,"fee":null,"hours":null,"wheelchair":null,"changing_table":null,"male_only":false,"supervised":null,"dry":null,"access":"yes","oos":false,"checked":null}},{"type":"Feature","geometry":{"type":"Point","coordinates":[4.8367,45.749192]},"properties":{"id":"osm:node/12849243912","src":"osm","name":null,"address":null,"fee":false,"hours":null,"wheelchair":null,"changing_table":null,"male_only":false,"supervised":null,"dry":null,"access":"customers","oos":false,"checked":null}},{"type":"Feature","geometry":{"type":"Point","coordinates":[4.836608,45.749089]},"properties":{"id":"osm:node/12849243913","src":"osm","name":null,"address":null,"fee":false,"hours":null,"wheelchair":"no","changing_table":null,"male_only":false,"supervised":null,"dry":null,"access":"customers","oos":false,"checked":null}},{"type":"Feature","geometry":{"type":"Point","coordinates":[4.836688,45.749502]},"properties":{"id":"osm:node/12849243917","src":"osm","name":null,"address":null,"fee":false,"hours":null,"wheelchair":"yes","changing_table":null,"male_only":false,"supervised":null,"dry":null,"access":"customers","oos":false,"checked":null}},{"type":"Feature","geometry":{"type":"Point","coordinates":[4.836289,45.757863]},"properties":{"id":"osm:node/13125257929","src":"osm","name":null,"address":null,"fee":false,"hours":null,"wheelchair":"yes","changing_table":null,"male_only":false,"supervised":null,"dry":null,"access":"yes","oos":false,"checked":null}},{"type":"Feature","geometry":{"type":"Point","coordinates":[4.881028,45.743514]},"properties":{"id":"osm:node/13523712926","src":"osm","name":null,"address":null,"fee":false,"hours":null,"wheelchair":null,"changing_table":null,"male_only":false,"supervised":null,"dry":null,"access":"yes","oos":false,"checked":"2026-02-04"}},{"type":"Feature","geometry":{"type":"Point","coordinates":[4.883394,45.741093]},"properties":{"id":"osm:node/13590786887","src":"osm","name":null,"address":null,"fee":false,"hours":null,"wheelchair":null,"changing_table":null,"male_only":false,"supervised":false,"dry":null,"access":"yes","oos":false,"checked":null}},{"type":"Feature","geometry":{"type":"Point","coordinates":[4.843397,45.756046]},"properties":{"id":"osm:node/1361340483","src":"osm","name":"Sanitaire Public de la Place Pierre-Simon Ballanche","address":null,"fee":false,"hours":"Mo-Su 10:00-18:00","wheelchair":"yes","changing_table":null,"male_only":false,"supervised":true,"dry":null,"access":"permissive","oos":false,"checked":null}},{"type":"Feature","geometry":{"type":"Point","coordinates":[4.846337,45.752248]},"properties":{"id":"osm:node/13620801882","src":"osm","name":"Abdel Kader","address":"Place Emir Abd El Kader, 69007 Lyon","fee":false,"hours":"","wheelchair":"no","changing_table":null,"male_only":false,"supervised":null,"dry":null,"access":"yes","oos":false,"checked":null,"merged_from":["lyon:TOI-69387-713"]}},{"type":"Feature","geometry":{"type":"Point","coordinates":[4.805524,45.776382]},"properties":{"id":"osm:node/13622832536","src":"osm","name":null,"address":null,"fee":false,"hours":null,"wheelchair":"yes","changing_table":null,"male_only":false,"supervised":null,"dry":null,"access":"yes","oos":false,"checked":null}},{"type":"Feature","geometry":{"type":"Point","coordinates":[4.878002,45.727521]},"properties":{"id":"osm:node/1385071389","src":"osm","name":"Général André","address":"Place Général André, 69008 Lyon","fee":false,"hours":"24/7","wheelchair":"yes","changing_table":false,"male_only":false,"supervised":false,"dry":null,"access":"yes","oos":false,"checked":null,"merged_from":["lyon:TOI-69388-088"]}},{"type":"Feature","geometry":{"type":"Point","coordinates":[4.85338,45.744569]},"properties":{"id":"osm:node/13917693055","src":"osm","name":null,"address":null,"fee":null,"hours":null,"wheelchair":null,"changing_table":null,"male_only":false,"supervised":null,"dry":null,"access":"yes","oos":false,"checked":null}},{"type":"Feature","geometry":{"type":"Point","coordinates":[4.800771,45.77343]},"properties":{"id":"osm:node/13931626869","src":"osm","name":null,"address":null,"fee":false,"hours":null,"wheelchair":"yes","changing_table":null,"male_only":false,"supervised":null,"dry":null,"access":"yes","oos":false,"checked":null}},{"type":"Feature","geometry":{"type":"Point","coordinates":[4.806778,45.766505]},"properties":{"id":"osm:node/13958808289","src":"osm","name":null,"address":null,"fee":null,"hours":null,"wheelchair":"no","changing_table":null,"male_only":false,"supervised":null,"dry":null,"access":"private","oos":false,"checked":null}},{"type":"Feature","geometry":{"type":"Point","coordinates":[4.807096,45.754968]},"properties":{"id":"osm:node/1432580428","src":"osm","name":"Sanitaire Public du Square Jean Tricou","address":"Square Jean Tricou, 69005 Lyon","fee":false,"hours":"Mo-Su 05:00-22:00","wheelchair":"yes","changing_table":null,"male_only":false,"supervised":false,"dry":null,"access":"yes","oos":false,"checked":null,"merged_from":["lyon:TOI-69385-052"]}},{"type":"Feature","geometry":{"type":"Point","coordinates":[4.866011,45.763827]},"properties":{"id":"osm:node/1460468629","src":"osm","name":"Sanitaire Public du Cours Lafayette","address":"271 cours Lafayette, 69006 Lyon","fee":false,"hours":"Mo-Su 06:00-02:00","wheelchair":"yes","changing_table":null,"male_only":false,"supervised":false,"dry":null,"access":"yes","oos":false,"checked":null,"merged_from":["lyon:TOI-69386-617"]}},{"type":"Feature","geometry":{"type":"Point","coordinates":[4.825272,45.779944]},"properties":{"id":"osm:node/1561071669","src":"osm","name":"Sanitaire Public du Square Hénon","address":"square Docteur Bouvier, 69004 Lyon","fee":false,"hours":"24/7","wheelchair":"no","changing_table":null,"male_only":false,"supervised":false,"dry":null,"access":"yes","oos":false,"checked":null,"merged_from":["lyon:TOI-69384-047"]}},{"type":"Feature","geometry":{"type":"Point","coordinates":[4.84808,45.764292]},"properties":{"id":"osm:node/1785407405","src":"osm","name":"Sanitaire Public du Square Louis Blanc","address":"163, rue Duguesclin, 69006 Lyon","fee":false,"hours":"24/7","wheelchair":"yes","changing_table":null,"male_only":false,"supervised":false,"dry":null,"access":"yes","oos":false,"checked":null,"merged_from":["lyon:TOI-69386-612"]}},{"type":"Feature","geometry":{"type":"Point","coordinates":[4.839521,45.755299]},"properties":{"id":"osm:node/1789286442","src":"osm","name":null,"address":null,"fee":false,"hours":null,"wheelchair":"no","changing_table":null,"male_only":false,"supervised":null,"dry":null,"access":"yes","oos":false,"checked":null}},{"type":"Feature","geometry":{"type":"Point","coordinates":[4.787231,45.756118]},"properties":{"id":"osm:node/1852659176","src":"osm","name":"Schweitzer","address":"Place du Docteur Schweitzer, 69005 Lyon","fee":false,"hours":"Mo-Su 05:00-22:00","wheelchair":"yes","changing_table":null,"male_only":false,"supervised":false,"dry":null,"access":"yes","oos":false,"checked":null,"merged_from":["lyon:TOI-69385-053"]}},{"type":"Feature","geometry":{"type":"Point","coordinates":[4.834812,45.779685]},"properties":{"id":"osm:node/1866962212","src":"osm","name":"Sanitaire Public de la Place du Commandant Arnaud","address":"Place Commandant Arnaud, 69004 Lyon","fee":false,"hours":"Mo-Su 05:00-22:00","wheelchair":"yes","changing_table":null,"male_only":false,"supervised":false,"dry":null,"access":"yes","oos":false,"checked":"2025-05-13","merged_from":["lyon:TOI-69384-042"]}},{"type":"Feature","geometry":{"type":"Point","coordinates":[4.863206,45.746494]},"properties":{"id":"osm:node/1904126100","src":"osm","name":"St-Hippolyte","address":"10 rue Saint Hippolyte, 69008 Lyon","fee":false,"hours":"Mo-Su 08:00-22:00","wheelchair":"yes","changing_table":null,"male_only":false,"supervised":null,"dry":null,"access":"yes","oos":false,"checked":null,"merged_from":["lyon:TOI-69388-081"]}},{"type":"Feature","geometry":{"type":"Point","coordinates":[4.854515,45.772541]},"properties":{"id":"osm:node/1952405371","src":"osm","name":"Sanitaire Public de l’Avenue Verguin","address":"2, avenue Verguin, 69006 Lyon","fee":false,"hours":"Mo-Su 05:00-22:00","wheelchair":"yes","changing_table":null,"male_only":false,"supervised":false,"dry":null,"access":"yes","oos":false,"checked":"2025-06-06","merged_from":["lyon:TOI-69386-611"]}},{"type":"Feature","geometry":{"type":"Point","coordinates":[4.829589,45.768013]},"properties":{"id":"osm:node/1975521478","src":"osm","name":"Sanitaire Public de la Place Gabriel Rambaud","address":"Place Gabriel Rambaud, 69001 Lyon","fee":false,"hours":"Mo-Su 00:00+","wheelchair":"yes","changing_table":false,"male_only":false,"supervised":false,"dry":null,"access":"yes","oos":false,"checked":null,"merged_from":["lyon:TOI-69381-019"]}},{"type":"Feature","geometry":{"type":"Point","coordinates":[4.834092,45.77093]},"properties":{"id":"osm:node/2078750070","src":"osm","name":"Chardonnet","address":"Place Chardonnet, 69001 Lyon","fee":false,"hours":"","wheelchair":"yes","changing_table":null,"male_only":false,"supervised":null,"dry":null,"access":"yes","oos":true,"checked":null,"merged_from":["lyon:TOI-69381-017"]}},{"type":"Feature","geometry":{"type":"Point","coordinates":[4.841383,45.765449]},"properties":{"id":"osm:node/2094121587","src":"osm","name":"Sanitaire Public du Quai du Général Sarrail","address":"11, quai du Général Sarrail, 69006 Lyon","fee":false,"hours":"Mo-Su 06:00-02:00","wheelchair":"yes","changing_table":null,"male_only":false,"supervised":false,"dry":null,"access":"yes","oos":false,"checked":"2026-06-05","merged_from":["lyon:TOI-69386-622"]}},{"type":"Feature","geometry":{"type":"Point","coordinates":[4.840703,45.758925]},"properties":{"id":"osm:node/2094121929","src":"osm","name":"Sanitaire Public du 19 Quai Victor Augagneur","address":"19, quai Victor Augagneur, 69003 Lyon","fee":false,"hours":"Mo-Su 06:00-02:00","wheelchair":"yes","changing_table":null,"male_only":false,"supervised":false,"dry":null,"access":"yes","oos":false,"checked":null,"merged_from":["lyon:TOI-69383-319"]}},{"type":"Feature","geometry":{"type":"Point","coordinates":[4.805304,45.781127]},"properties":{"id":"osm:node/2113305197","src":"osm","name":null,"address":null,"fee":false,"hours":null,"wheelchair":"yes","changing_table":null,"male_only":false,"supervised":null,"dry":null,"access":"yes","oos":false,"checked":null}},{"type":"Feature","geometry":{"type":"Point","coordinates":[4.845278,45.757099]},"properties":{"id":"osm:node/2180292442","src":"osm","name":null,"address":null,"fee":false,"hours":null,"wheelchair":"yes","changing_table":null,"male_only":false,"supervised":false,"dry":null,"access":"yes","oos":false,"checked":null}},{"type":"Feature","geometry":{"type":"Point","coordinates":[4.827038,45.772792]},"properties":{"id":"osm:node/2274488993","src":"osm","name":"Sanitaire Public du Parc Sutter","address":"parc Sutter, 69001 Lyon","fee":false,"hours":"Oct 1-Apr 30 08:00-19:00; May 1-Sep 30 08:00-22:00","wheelchair":"no","changing_table":null,"male_only":false,"supervised":false,"dry":null,"access":"yes","oos":false,"checked":null,"merged_from":["lyon:TOI-69381-013"]}},{"type":"Feature","geometry":{"type":"Point","coordinates":[4.821,45.759074]},"properties":{"id":"osm:node/2304478589","src":"osm","name":null,"address":null,"fee":false,"hours":null,"wheelchair":null,"changing_table":true,"male_only":false,"supervised":null,"dry":null,"access":"yes","oos":false,"checked":"2026-07-27"}},{"type":"Feature","geometry":{"type":"Point","coordinates":[4.828917,45.774287]},"properties":{"id":"osm:node/2356915396","src":"osm","name":null,"address":null,"fee":false,"hours":"Mo-Su 06:00-02:00","wheelchair":"yes","changing_table":false,"male_only":false,"supervised":false,"dry":null,"access":"yes","oos":false,"checked":null}},{"type":"Feature","geometry":{"type":"Point","coordinates":[4.811155,45.787065]},"properties":{"id":"osm:node/2383842342","src":"osm","name":"Sanitaire Public du Jardin des Saules","address":"21, rue Antonin Laborde, 69009 Lyon","fee":false,"hours":"24/7","wheelchair":"yes","changing_table":null,"male_only":false,"supervised":false,"dry":null,"access":"yes","oos":false,"checked":null,"merged_from":["lyon:TOI-69389-098"]}},{"type":"Feature","geometry":{"type":"Point","coordinates":[4.871142,45.744114]},"properties":{"id":"osm:node/245490205","src":"osm","name":"Sanitaire Public de la Place Ambroise Courtois","address":null,"fee":false,"hours":"Mo-Su 06:00-02:00","wheelchair":"yes","changing_table":null,"male_only":false,"supervised":false,"dry":null,"access":"yes","oos":false,"checked":null}},{"type":"Feature","geometry":{"type":"Point","coordinates":[4.841132,45.761668]},"properties":{"id":"osm:node/2457655444","src":"osm","name":"Sanitaire Public du 4 Quai Victor Augagneur","address":"4, quai Victor Augagneur, 69003 Lyon","fee":false,"hours":"Mo-Su 06:00-02:00","wheelchair":"yes","changing_table":null,"male_only":false,"supervised":false,"dry":null,"access":"yes","oos":false,"checked":null,"merged_from":["lyon:TOI-69383-320"]}},{"type":"Feature","geometry":{"type":"Point","coordinates":[4.790316,45.760011]},"properties":{"id":"osm:node/2461557902","src":"osm","name":"La Garde","address":"7, rue de la Garde, 69005 Lyon","fee":false,"hours":"Mo-Su 05:00-22:00","wheelchair":"yes","changing_table":null,"male_only":false,"supervised":null,"dry":true,"access":"yes","oos":false,"checked":null,"merged_from":["lyon:TOI-69385-056","lyon:TOI-69385-512"]}},{"type":"Feature","geometry":{"type":"Point","coordinates":[4.796825,45.763777]},"properties":{"id":"osm:node/2472261699","src":"osm","name":"Sanitaire Public de l’Avenue Barthélemy Buyer","address":null,"fee":false,"hours":"Mo-Su 05:00-22:00","wheelchair":"yes","changing_table":null,"male_only":false,"supervised":false,"dry":null,"access":"yes","oos":false,"checked":null}},{"type":"Feature","geometry":{"type":"Point","coordinates":[4.828668,45.753238]},"properties":{"id":"osm:node/2476993866","src":"osm","name":"Sanitaire Public de la Place Ampère","address":null,"fee":false,"hours":"Mo-Su 06:00-02:00","wheelchair":"yes","changing_table":null,"male_only":false,"supervised":false,"dry":null,"access":"yes","oos":false,"checked":null}},{"type":"Feature","geometry":{"type":"Point","coordinates":[4.82612,45.756003]},"properties":{"id":"osm:node/2476993918","src":"osm","name":"Sanitaire Public du Quai de Tilsitt","address":"21, quai Tilsitt, 69002 Lyon","fee":false,"hours":"Mo-Su 06:00-02:00","wheelchair":"yes","changing_table":null,"male_only":false,"supervised":false,"dry":null,"access":"yes","oos":false,"checked":null,"merged_from":["lyon:TOI-69382-211"]}},{"type":"Feature","geometry":{"type":"Point","coordinates":[4.823975,45.751829]},"properties":{"id":"osm:node/249498602","src":"osm","name":"Sanitaire Public du Quai du Maréchal Joffre","address":"12, quai Maréchal Joffre, 69002 Lyon","fee":false,"hours":"24/7","wheelchair":"no","changing_table":false,"male_only":true,"supervised":false,"dry":null,"access":"yes","oos":false,"checked":null,"merged_from":["lyon:TOI-69382-025"]}},{"type":"Feature","geometry":{"type":"Point","coordinates":[4.804152,45.766791]},"properties":{"id":"osm:node/2507941374","src":"osm","name":"Gorge de Loup","address":"rue de la pépinière royale, 69009 Lyon","fee":null,"hours":"Mo-Su 05:00-22:00","wheelchair":null,"changing_table":null,"male_only":false,"supervised":null,"dry":null,"access":"yes","oos":false,"checked":"2025-10-07","merged_from":["lyon:TOI-69389-096"]}},{"type":"Feature","geometry":{"type":"Point","coordinates":[4.823659,45.74442]},"properties":{"id":"osm:node/257109600","src":"osm","name":"Sanitaire Public de la Place de l’Hippodrome","address":"39, rue Smith, 69002 Lyon","fee":false,"hours":"Mo-Su 05:00-22:00","wheelchair":"yes","changing_table":null,"male_only":false,"supervised":false,"dry":null,"access":"yes","oos":false,"checked":null,"merged_from":["lyon:TOI-69382-023"]}},{"type":"Feature","geometry":{"type":"Point","coordinates":[4.815566,45.759153]},"properties":{"id":"osm:node/2600713657","src":"osm","name":null,"address":null,"fee":false,"hours":null,"wheelchair":"no","changing_table":null,"male_only":false,"supervised":null,"dry":null,"access":"yes","oos":false,"checked":"2023-07-25"}},{"type":"Feature","geometry":{"type":"Point","coordinates":[4.841938,45.745952]},"properties":{"id":"osm:node/2600872734","src":"osm","name":"Sanitaire Public de la Place Jean Macé","address":null,"fee":false,"hours":"Mo-Su 06:00-22:00","wheelchair":"yes","changing_table":false,"male_only":false,"supervised":false,"dry":null,"access":"yes","oos":false,"checked":"2023-07-19"}},{"type":"Feature","geometry":{"type":"Point","coordinates":[4.86649,45.730268]},"properties":{"id":"osm:node/2606839831","src":"osm","name":"Sanitaire Public de la Place du 8 Mai 1945 Nord-Est","address":null,"fee":false,"hours":"24/7","wheelchair":"yes","changing_table":null,"male_only":false,"supervised":false,"dry":null,"access":"yes","oos":false,"checked":null}},{"type":"Feature","geometry":{"type":"Point","coordinates":[4.856875,45.770335]},"properties":{"id":"osm:node/262998572","src":"osm","name":"Sanitaire Public du Square du Capitaine Billon","address":"Square du Capitaine Billon, 69006 Lyon","fee":false,"hours":"Mo-Su 05:00-22:00","wheelchair":"yes","changing_table":null,"male_only":false,"supervised":false,"dry":null,"access":"yes","oos":false,"checked":"2025-04-20","merged_from":["lyon:TOI-69386-615"]}},{"type":"Feature","geometry":{"type":"Point","coordinates":[4.820571,45.76804]},"properties":{"id":"osm:node/2637312979","src":"osm","name":"Sanitaire Public du Quai Saint-Vincent","address":"18, quai Saint Vincent, 69001 Lyon","fee":false,"hours":"Mo-Su 05:00-22:00","wheelchair":"yes","changing_table":null,"male_only":false,"supervised":false,"dry":null,"access":"yes","oos":false,"checked":null,"merged_from":["lyon:TOI-69381-012"]}},{"type":"Feature","geometry":{"type":"Point","coordinates":[4.823567,45.774156]},"properties":{"id":"osm:node/273529893","src":"osm","name":"Millaud","address":"Place Edouard Millaud, 69004 Lyon","fee":false,"hours":"Mo-Su 05:00-22:00","wheelchair":"yes","changing_table":null,"male_only":false,"supervised":false,"dry":null,"access":"yes","oos":false,"checked":null,"merged_from":["lyon:TOI-69384-043"]}},{"type":"Feature","geometry":{"type":"Point","coordinates":[4.824804,45.758124]},"properties":{"id":"osm:node/2749210882","src":"osm","name":"Valensio","address":"Place Bâtonnier Valansio, 69005 Lyon","fee":false,"hours":"Mo-Su 05:00-22:00","wheelchair":"yes","changing_table":null,"male_only":false,"supervised":null,"dry":null,"access":"yes","oos":false,"checked":null,"merged_from":["lyon:TOI-69385-057"]}},{"type":"Feature","geometry":{"type":"Point","coordinates":[4.808738,45.78021]},"properties":{"id":"osm:node/2768801836","src":"osm","name":"Sanitaire Public du Quai de la Gare d’Eau","address":null,"fee":false,"hours":"Mo-Su 05:00-22:00","wheelchair":"yes","changing_table":null,"male_only":false,"supervised":false,"dry":null,"access":"yes","oos":false,"checked":null}},{"type":"Feature","geometry":{"type":"Point","coordinates":[4.83287,45.756989]},"properties":{"id":"osm:node/2782648704","src":"osm","name":"Sanitaire Public de la Place Bellecour","address":null,"fee":false,"hours":"Mo-Su 08:00-19:30","wheelchair":"yes","changing_table":true,"male_only":false,"supervised":true,"dry":null,"access":"yes","oos":false,"checked":null}},{"type":"Feature","geometry":{"type":"Point","coordinates":[4.854027,45.746172]},"properties":{"id":"osm:node/2864224259","src":"osm","name":null,"address":null,"fee":false,"hours":null,"wheelchair":"yes","changing_table":false,"male_only":false,"supervised":null,"dry":null,"access":"yes","oos":false,"checked":null}},{"type":"Feature","geometry":{"type":"Point","coordinates":[4.792121,45.779259]},"properties":{"id":"osm:node/2922542953","src":"osm","name":null,"address":null,"fee":null,"hours":null,"wheelchair":"yes","changing_table":null,"male_only":false,"supervised":null,"dry":null,"access":"yes","oos":false,"checked":"2025-10-05"}},{"type":"Feature","geometry":{"type":"Point","coordinates":[4.88559,45.729326]},"properties":{"id":"osm:node/2963872211","src":"osm","name":null,"address":null,"fee":false,"hours":null,"wheelchair":null,"changing_table":null,"male_only":false,"supervised":null,"dry":null,"access":"yes","oos":false,"checked":null}},{"type":"Feature","geometry":{"type":"Point","coordinates":[4.852342,45.726444]},"properties":{"id":"osm:node/3043559494","src":"osm","name":null,"address":null,"fee":false,"hours":null,"wheelchair":"yes","changing_table":false,"male_only":false,"supervised":null,"dry":null,"access":"yes","oos":false,"checked":"2023-01-15"}},{"type":"Feature","geometry":{"type":"Point","coordinates":[4.815856,45.757429]},"properties":{"id":"osm:node/3046205812","src":"osm","name":"Sanitaire Public de la Place du Père François Varillon","address":"Place du Père François Varillon, 69005 Lyon","fee":false,"hours":"Mo-Su 06:00-02:00","wheelchair":"yes","changing_table":null,"male_only":false,"supervised":false,"dry":null,"access":"yes","oos":false,"checked":null,"merged_from":["lyon:TOI-69385-513"]}},{"type":"Feature","geometry":{"type":"Point","coordinates":[4.884094,45.754164]},"properties":{"id":"osm:node/3065611123","src":"osm","name":null,"address":null,"fee":false,"hours":"24/7","wheelchair":"no","changing_table":null,"male_only":false,"supervised":null,"dry":null,"access":"no","oos":false,"checked":null}},{"type":"Feature","geometry":{"type":"Point","coordinates":[4.831263,45.796987]},"properties":{"id":"osm:node/3161195231","src":"osm","name":"Sanitaire public du jardin de l’Île Barbe","address":"1 pont de l'Ile Barbe, 69009 Lyon","fee":false,"hours":"Mo-Su 05:00-22:00","wheelchair":"no","changing_table":null,"male_only":false,"supervised":false,"dry":null,"access":"yes","oos":false,"checked":null,"merged_from":["lyon:TOI-69389-094"]}},{"type":"Feature","geometry":{"type":"Point","coordinates":[4.810779,45.776441]},"properties":{"id":"osm:node/3190099821","src":"osm","name":"Serin","address":"Petit Parc Serin, 69004 Lyon","fee":false,"hours":"","wheelchair":"yes","changing_table":null,"male_only":false,"supervised":null,"dry":true,"access":"yes","oos":false,"checked":null,"merged_from":["lyon:TOI-69384-410"]}},{"type":"Feature","geometry":{"type":"Point","coordinates":[4.804449,45.778971]},"properties":{"id":"osm:node/3354698297","src":"osm","name":"Sanitaire Public de la Place de Paris","address":null,"fee":false,"hours":"Mo-Su 06:00-02:00","wheelchair":"yes","changing_table":null,"male_only":false,"supervised":false,"dry":null,"access":"yes","oos":false,"checked":null}},{"type":"Feature","geometry":{"type":"Point","coordinates":[4.791933,45.78385]},"properties":{"id":"osm:node/3380175916","src":"osm","name":null,"address":null,"fee":false,"hours":null,"wheelchair":"yes","changing_table":null,"male_only":false,"supervised":null,"dry":null,"access":"yes","oos":false,"checked":"2025-10-05"}},{"type":"Feature","geometry":{"type":"Point","coordinates":[4.843163,45.752203]},"properties":{"id":"osm:node/3405755405","src":"osm","name":"Mazagran","address":"51, rue Montesquieu, 69007 Lyon","fee":false,"hours":"Mo-Su 05:00-22:00","wheelchair":"yes","changing_table":null,"male_only":false,"supervised":null,"dry":null,"access":"yes","oos":false,"checked":null,"merged_from":["lyon:TOI-69387-711"]}},{"type":"Feature","geometry":{"type":"Point","coordinates":[4.857654,45.740013]},"properties":{"id":"osm:node/3444405418","src":"osm","name":null,"address":null,"fee":null,"hours":null,"wheelchair":null,"changing_table":null,"male_only":true,"supervised":null,"dry":null,"access":"yes","oos":false,"checked":null}},{"type":"Feature","geometry":{"type":"Point","coordinates":[4.857692,45.74]},"properties":{"id":"osm:node/3444405440","src":"osm","name":null,"address":null,"fee":null,"hours":null,"wheelchair":null,"changing_table":null,"male_only":false,"supervised":null,"dry":null,"access":"yes","oos":false,"checked":null}},{"type":"Feature","geometry":{"type":"Point","coordinates":[4.812311,45.761492]},"properties":{"id":"osm:node/3455394909","src":"osm","name":null,"address":null,"fee":false,"hours":null,"wheelchair":"yes","changing_table":null,"male_only":false,"supervised":null,"dry":null,"access":"yes","oos":false,"checked":null}},{"type":"Feature","geometry":{"type":"Point","coordinates":[4.824796,45.722847]},"properties":{"id":"osm:node/3474591920","src":"osm","name":"Sanitaire Public du Parc de Gerland Police","address":null,"fee":false,"hours":"We,Sa,Su 10:00-17:00; Apr-May SH 10:00-17:00; Jul-Aug: Mo-Su 10:00-17:00","wheelchair":"yes","changing_table":null,"male_only":false,"supervised":true,"dry":null,"access":"yes","oos":false,"checked":null}},{"type":"Feature","geometry":{"type":"Point","coordinates":[4.827095,45.751199]},"properties":{"id":"osm:node/355958596","src":"osm","name":"Sanitaire Public de la Place Carnot","address":null,"fee":false,"hours":"Mo-Su 06:00-02:00","wheelchair":"yes","changing_table":null,"male_only":false,"supervised":false,"dry":null,"access":"yes","oos":false,"checked":"2023-06-04"}},{"type":"Feature","geometry":{"type":"Point","coordinates":[4.848061,45.748947]},"properties":{"id":"osm:node/356344919","src":"osm","name":"Sanitaire Public de la Place Saint-Louis","address":"Place Saint Louis, 69007 Lyon","fee":false,"hours":"Mo-Su 05:00-22:00","wheelchair":"yes","changing_table":false,"male_only":false,"supervised":false,"dry":null,"access":"yes","oos":false,"checked":null,"merged_from":["lyon:TOI-69387-717"]}},{"type":"Feature","geometry":{"type":"Point","coordinates":[4.854979,45.753004]},"properties":{"id":"osm:node/362773771","src":"osm","name":"Sanitaire Public de la Place de Bir Hakeim","address":null,"fee":false,"hours":"Mo-Su 06:00-02:00","wheelchair":"yes","changing_table":false,"male_only":false,"supervised":false,"dry":null,"access":"yes","oos":false,"checked":null}},{"type":"Feature","geometry":{"type":"Point","coordinates":[4.843607,45.776622]},"properties":{"id":"osm:node/362797261","src":"osm","name":"Sanitaire Public de l’Avenue de Grande-Bretagne","address":"1, avenue de Grande-Bretagne, 69006 Lyon","fee":false,"hours":"Mo-Su 06:00-02:00","wheelchair":"yes","changing_table":null,"male_only":false,"supervised":false,"dry":null,"access":"yes","oos":false,"checked":null,"merged_from":["lyon:TOI-69386-616"]}},{"type":"Feature","geometry":{"type":"Point","coordinates":[4.823071,45.747307]},"properties":{"id":"osm:node/3637297363","src":"osm","name":"Sanitaire Public du Cours Suchet","address":"13, cours Suchet, 69002 Lyon","fee":false,"hours":"24/7","wheelchair":"no","changing_table":false,"male_only":true,"supervised":false,"dry":null,"access":"yes","oos":false,"checked":null,"merged_from":["lyon:TOI-69382-024"]}},{"type":"Feature","geometry":{"type":"Point","coordinates":[4.831406,45.762072]},"properties":{"id":"osm:node/363769885","src":"osm","name":"Sanitaire Public du Quai Saint-Antoine","address":"32, quai Saint Antoine, 69002 Lyon","fee":false,"hours":"24/7","wheelchair":"yes","changing_table":null,"male_only":false,"supervised":false,"dry":null,"access":"yes","oos":false,"checked":"2025-11-20","merged_from":["lyon:TOI-69382-029"]}},{"type":"Feature","geometry":{"type":"Point","coordinates":[4.830451,45.760352]},"properties":{"id":"osm:node/363769905","src":"osm","name":"Sanitaire Public du Quai des Célestins","address":"8, quai des Célestins, 69002 Lyon","fee":true,"hours":"24/7","wheelchair":"yes","changing_table":null,"male_only":false,"supervised":false,"dry":null,"access":"yes","oos":false,"checked":"2025-11-20","merged_from":["lyon:TOI-69382-210"]}},{"type":"Feature","geometry":{"type":"Point","coordinates":[4.853041,45.766884]},"properties":{"id":"osm:node/3896149963","src":"osm","name":"Sanitaire Public de la Place Jacques Elmaleh","address":"Place Jacques Elmaleh, 69006 Lyon","fee":false,"hours":"Mo-Su 06:00-02:00","wheelchair":"yes","changing_table":null,"male_only":false,"supervised":false,"dry":null,"access":"yes","oos":false,"checked":"2025-07-29","merged_from":["lyon:TOI-69386-619"]}},{"type":"Feature","geometry":{"type":"Point","coordinates":[4.808136,45.773329]},"properties":{"id":"osm:node/410296259","src":"osm","name":"Sanitaire Public de la Place Vanderpol","address":"Place Alfred Vanderpol, 69009 Lyon","fee":false,"hours":"Mo-Su 06:00-02:00","wheelchair":"yes","changing_table":null,"male_only":false,"supervised":false,"dry":null,"access":"yes","oos":false,"checked":null,"merged_from":["lyon:TOI-69389-919"]}},{"type":"Feature","geometry":{"type":"Point","coordinates":[4.820291,45.779431]},"properties":{"id":"osm:node/4215903708","src":"osm","name":"Sanitaire Public de la Place Camille Flammarion","address":"Place Camille Flammarion, 69004 Lyon","fee":false,"hours":"Mo-Su 05:00-22:00","wheelchair":"yes","changing_table":null,"male_only":false,"supervised":false,"dry":null,"access":"yes","oos":false,"checked":null,"merged_from":["lyon:TOI-69384-041"]}},{"type":"Feature","geometry":{"type":"Point","coordinates":[4.861757,45.762635]},"properties":{"id":"osm:node/434018016","src":"osm","name":"Sanitaire Public de la Rue de la Villette","address":"20, rue de la Villette, 69003 Lyon","fee":false,"hours":"Mo-Su 05:00-22:00","wheelchair":"no","changing_table":null,"male_only":false,"supervised":false,"dry":null,"access":"yes","oos":false,"checked":null,"merged_from":["lyon:TOI-69383-038"]}},{"type":"Feature","geometry":{"type":"Point","coordinates":[4.853228,45.756906]},"properties":{"id":"osm:node/434018029","src":"osm","name":"Martyrs","address":"Place des Martyrs de la résistance, 69003 Lyon","fee":false,"hours":"Mo-Su 06:00-02:00","wheelchair":"yes","changing_table":false,"male_only":false,"supervised":false,"dry":null,"access":"yes","oos":false,"checked":null,"merged_from":["lyon:TOI-69383-315"]}},{"type":"Feature","geometry":{"type":"Point","coordinates":[4.855987,45.7855]},"properties":{"id":"osm:node/4377086591","src":"osm","name":"28","address":null,"fee":false,"hours":null,"wheelchair":"yes","changing_table":null,"male_only":false,"supervised":null,"dry":null,"access":"yes","oos":false,"checked":null}},{"type":"Feature","geometry":{"type":"Point","coordinates":[4.85387,45.734346]},"properties":{"id":"osm:node/4388680599","src":"osm","name":"Sanitaire Public de la Place Belleville","address":"Place Belleville, 69008 Lyon","fee":false,"hours":"24/7","wheelchair":"yes","changing_table":false,"male_only":false,"supervised":false,"dry":null,"access":"yes","oos":false,"checked":"2024-02-24","merged_from":["lyon:TOI-69388-086"]}},{"type":"Feature","geometry":{"type":"Point","coordinates":[4.850878,45.763056]},"properties":{"id":"osm:node/4427432402","src":"osm","name":null,"address":null,"fee":false,"hours":null,"wheelchair":"limited","changing_table":null,"male_only":false,"supervised":null,"dry":null,"access":"yes","oos":false,"checked":null}},{"type":"Feature","geometry":{"type":"Point","coordinates":[4.831416,45.765179]},"properties":{"id":"osm:node/4655313805","src":"osm","name":"Sanitaire Public du Quai de la Pêcherie","address":"12, quai de la Pêcherie, 69001 Lyon","fee":false,"hours":"Mo-Su 06:00-24:00","wheelchair":"yes","changing_table":null,"male_only":false,"supervised":false,"dry":null,"access":"yes","oos":false,"checked":null,"merged_from":["lyon:TOI-69381-110"]}},{"type":"Feature","geometry":{"type":"Point","coordinates":[4.883137,45.732341]},"properties":{"id":"osm:node/4969891890","src":"osm","name":"Sanitaire Public de la Place Marc Sangnier","address":"Place Marc Sangnier, 69008 Lyon","fee":false,"hours":"Mo-Su 05:00-22:00","wheelchair":"yes","changing_table":null,"male_only":false,"supervised":false,"dry":null,"access":"yes","oos":false,"checked":null,"merged_from":["lyon:TOI-69388-083"]}},{"type":"Feature","geometry":{"type":"Point","coordinates":[4.834752,45.775343]},"properties":{"id":"osm:node/5154025105","src":"osm","name":"Sanitaire Public de la Rue Aimé Boussange","address":"3, rue Aimé Boussange, 69004 Lyon","fee":false,"hours":"Mo-Su 06:00-02:00","wheelchair":"yes","changing_table":null,"male_only":false,"supervised":false,"dry":null,"access":"yes","oos":false,"checked":"2025-05-02","merged_from":["lyon:TOI-69384-412"]}},{"type":"Feature","geometry":{"type":"Point","coordinates":[4.834617,45.772264]},"properties":{"id":"osm:node/5154025106","src":"osm","name":"Sanitaire Public de la Place Colbert","address":"9, place Colbert, 69001 Lyon","fee":false,"hours":"Mo-Su 05:00-22:00","wheelchair":"no","changing_table":null,"male_only":false,"supervised":false,"dry":null,"access":"yes","oos":false,"checked":null,"merged_from":["lyon:TOI-69381-014"]}},{"type":"Feature","geometry":{"type":"Point","coordinates":[4.877503,45.747787]},"properties":{"id":"osm:node/5314752167","src":"osm","name":"Zenith","address":"rue Professeur Rochaix, 69003 Lyon","fee":false,"hours":"Mo-Su 05:00-22:00","wheelchair":"yes","changing_table":null,"male_only":false,"supervised":null,"dry":null,"access":"yes","oos":false,"checked":null,"merged_from":["lyon:TOI-69383-310"]}},{"type":"Feature","geometry":{"type":"Point","coordinates":[4.877466,45.747793]},"properties":{"id":"osm:node/5314752168","src":"osm","name":null,"address":null,"fee":false,"hours":null,"wheelchair":"yes","changing_table":null,"male_only":false,"supervised":null,"dry":null,"access":"yes","oos":false,"checked":null}},{"type":"Feature","geometry":{"type":"Point","coordinates":[4.845593,45.759939]},"properties":{"id":"osm:node/534114167","src":"osm","name":"Sanitaire Public de l’Avenue du Maréchal de Saxe","address":"92, avenue Maréchal de Saxe, 69003 Lyon","fee":false,"hours":"Mo-Su 06:00-02:00","wheelchair":"yes","changing_table":null,"male_only":false,"supervised":false,"dry":null,"access":"yes","oos":false,"checked":null,"merged_from":["lyon:TOI-69383-314"]}},{"type":"Feature","geometry":{"type":"Point","coordinates":[4.821763,45.722092]},"properties":{"id":"osm:node/5535738586","src":"osm","name":null,"address":null,"fee":false,"hours":null,"wheelchair":"yes","changing_table":false,"male_only":false,"supervised":null,"dry":null,"access":"yes","oos":false,"checked":null}},{"type":"Feature","geometry":{"type":"Point","coordinates":[4.834509,45.749363]},"properties":{"id":"osm:node/5600088677","src":"osm","name":null,"address":null,"fee":false,"hours":null,"wheelchair":"no","changing_table":null,"male_only":false,"supervised":null,"dry":null,"access":"yes","oos":false,"checked":"2024-07-14"}},{"type":"Feature","geometry":{"type":"Point","coordinates":[4.842561,45.768765]},"properties":{"id":"osm:node/5866213297","src":"osm","name":"Sanitaire Public de la Place du Maréchal Lyautey","address":null,"fee":false,"hours":"Mo-Su 06:00-02:00","wheelchair":"yes","changing_table":null,"male_only":false,"supervised":false,"dry":null,"access":"yes","oos":false,"checked":null}},{"type":"Feature","geometry":{"type":"Point","coordinates":[4.823777,45.74287]},"properties":{"id":"osm:node/5947847664","src":"osm","name":"Sanitaire Public du Cours Bayard","address":"26, cours Bayard, 69002 Lyon","fee":false,"hours":"05:00-22:00","wheelchair":"yes","changing_table":null,"male_only":false,"supervised":false,"dry":null,"access":"yes","oos":false,"checked":null,"merged_from":["lyon:TOI-69382-021"]}},{"type":"Feature","geometry":{"type":"Point","coordinates":[4.834564,45.739475]},"properties":{"id":"osm:node/5988526324","src":"osm","name":null,"address":null,"fee":false,"hours":null,"wheelchair":"yes","changing_table":false,"male_only":false,"supervised":null,"dry":null,"access":"yes","oos":false,"checked":null}},{"type":"Feature","geometry":{"type":"Point","coordinates":[4.850409,45.762241]},"properties":{"id":"osm:node/6227204691","src":"osm","name":null,"address":null,"fee":false,"hours":null,"wheelchair":"no","changing_table":null,"male_only":false,"supervised":null,"dry":null,"access":"yes","oos":false,"checked":null}},{"type":"Feature","geometry":{"type":"Point","coordinates":[4.850245,45.763167]},"properties":{"id":"osm:node/6236464774","src":"osm","name":null,"address":null,"fee":false,"hours":null,"wheelchair":null,"changing_table":null,"male_only":false,"supervised":null,"dry":null,"access":"yes","oos":false,"checked":null}},{"type":"Feature","geometry":{"type":"Point","coordinates":[4.823926,45.769398]},"properties":{"id":"osm:node/6282768738","src":"osm","name":"Sanitaire Public du 49 Cours du Général Giraud","address":"49, cours Général Giraud, 69001 Lyon","fee":false,"hours":"Mo-Su 06:00-02:00","wheelchair":"yes","changing_table":null,"male_only":false,"supervised":false,"dry":null,"access":"yes","oos":false,"checked":null,"merged_from":["lyon:TOI-69381-111"]}},{"type":"Feature","geometry":{"type":"Point","coordinates":[4.887725,45.744443]},"properties":{"id":"osm:node/6339822678","src":"osm","name":"Sanitaire Public du Cours Eugénie","address":"53, cours Eugénie, 69003 Lyon","fee":false,"hours":"24/7","wheelchair":"no","changing_table":false,"male_only":true,"supervised":false,"dry":null,"access":"yes","oos":false,"checked":null,"merged_from":["lyon:TOI-69383-311"]}},{"type":"Feature","geometry":{"type":"Point","coordinates":[4.868384,45.737183]},"properties":{"id":"osm:node/6339827281","src":"osm","name":"Sanitaire Public de la Place du 11 Novembre 1918","address":"Place du 11 novembre 1918, 69008 Lyon","fee":false,"hours":"Mo-Su 06:00-02:00","wheelchair":"yes","changing_table":null,"male_only":false,"supervised":false,"dry":null,"access":"yes","oos":false,"checked":null,"merged_from":["lyon:TOI-69388-087"]}},{"type":"Feature","geometry":{"type":"Point","coordinates":[4.795811,45.786396]},"properties":{"id":"osm:node/6347493282","src":"osm","name":"Sanitaire Public de la Place de l’Abbé Pierre","address":"Place Abbé Pierre, 69009 Lyon","fee":false,"hours":"Mo-Su 05:00-22:00","wheelchair":"yes","changing_table":false,"male_only":false,"supervised":false,"dry":null,"access":"yes","oos":false,"checked":null,"merged_from":["lyon:TOI-69389-910"]}},{"type":"Feature","geometry":{"type":"Point","coordinates":[4.879023,45.743597]},"properties":{"id":"osm:node/6347574720","src":"osm","name":"Sanitaire Public de la Place d’Arsonval","address":"Place d'Arsonval, 69003 Lyon","fee":false,"hours":"Mo-Su 05:00-22:00","wheelchair":null,"changing_table":null,"male_only":false,"supervised":false,"dry":null,"access":"yes","oos":false,"checked":null,"merged_from":["lyon:TOI-69383-035"]}},{"type":"Feature","geometry":{"type":"Point","coordinates":[4.818676,45.755873]},"properties":{"id":"osm:node/6347601124","src":"osm","name":null,"address":null,"fee":false,"hours":"24/7","wheelchair":"no","changing_table":null,"male_only":false,"supervised":false,"dry":null,"access":"yes","oos":false,"checked":null}},{"type":"Feature","geometry":{"type":"Point","coordinates":[4.831986,45.729558]},"properties":{"id":"osm:node/6353854733","src":"osm","name":"Sanitaire Public du Square Monseigneur Alfred Ancel","address":"13, rue Challemel Lacour, 69007 Lyon","fee":false,"hours":"Mo-Su 08:00-19:00","wheelchair":"yes","changing_table":null,"male_only":false,"supervised":false,"dry":null,"access":"yes","oos":false,"checked":"2025-06-22","merged_from":["lyon:TOI-69387-071"]}},{"type":"Feature","geometry":{"type":"Point","coordinates":[4.866136,45.730351]},"properties":{"id":"osm:node/6353862898","src":"osm","name":"Sanitaire Public de la Place 8 Mai 1945 Nord-Ouest","address":"Place du 8 mai 1945, 69008 Lyon","fee":false,"hours":"24/7","wheelchair":null,"changing_table":null,"male_only":false,"supervised":false,"dry":null,"access":"yes","oos":false,"checked":null,"merged_from":["lyon:TOI-69388-084"]}},{"type":"Feature","geometry":{"type":"Point","coordinates":[4.830219,45.798638]},"properties":{"id":"osm:node/6353873320","src":"osm","name":"Sanitaire Public de la Place Henri Barbusse","address":"Place Henri Barbusse, 69009 Lyon","fee":false,"hours":"24/7","wheelchair":"no","changing_table":false,"male_only":false,"supervised":false,"dry":null,"access":"yes","oos":false,"checked":null,"merged_from":["lyon:TOI-69389-914","lyon:TOI-69389-912"]}},{"type":"Feature","geometry":{"type":"Point","coordinates":[4.840031,45.779608]},"properties":{"id":"osm:node/6353987084","src":"osm","name":"Sanitaire Public de la Rue Eugène Pons","address":"68, rue Eugène Pons, 69004 Lyon","fee":false,"hours":"24/7","wheelchair":"no","changing_table":false,"male_only":false,"supervised":false,"dry":null,"access":"yes","oos":false,"checked":null,"merged_from":["lyon:TOI-69384-048"]}},{"type":"Feature","geometry":{"type":"Point","coordinates":[4.796214,45.763409]},"properties":{"id":"osm:node/6354012939","src":"osm","name":"Sanitaire Public Parc Champvert","address":null,"fee":false,"hours":"Oct 1-Apr 30 08:00-19:00; May 1-Sep 30 08:00-22:00","wheelchair":null,"changing_table":null,"male_only":false,"supervised":false,"dry":null,"access":"yes","oos":false,"checked":null}},{"type":"Feature","geometry":{"type":"Point","coordinates":[4.836662,45.774731]},"properties":{"id":"osm:node/6354026083","src":"osm","name":"Sanitaire Public de la Montée du Boulevard","address":"1, rue Lebrun, 69004 Lyon","fee":false,"hours":"24/7","wheelchair":"no","changing_table":null,"male_only":false,"supervised":false,"dry":null,"access":"yes","oos":false,"checked":null,"merged_from":["lyon:TOI-69381-018"]}},{"type":"Feature","geometry":{"type":"Point","coordinates":[4.795488,45.772782]},"properties":{"id":"osm:node/6354037916","src":"osm","name":"Sanitaire Public de l’Avenue Sidoine Apollinaire","address":"27, avenue Sidoine Apollinaire, 69009 Lyon","fee":false,"hours":"24/7","wheelchair":"no","changing_table":false,"male_only":true,"supervised":false,"dry":null,"access":"yes","oos":false,"checked":null,"merged_from":["lyon:TOI-69389-911"]}},{"type":"Feature","geometry":{"type":"Point","coordinates":[4.850052,45.747833]},"properties":{"id":"osm:node/6354053930","src":"osm","name":"Sanitaire Public du Square du Béguin","address":"15 rue Batonnier Jacquier, 69007 Lyon","fee":false,"hours":"Oct 1-Apr 30 08:00-19:00; May 1-Sep 30 08:00-22:00","wheelchair":"no","changing_table":null,"male_only":false,"supervised":false,"dry":null,"access":"yes","oos":false,"checked":null,"merged_from":["lyon:TOI-69387-072"]}},{"type":"Feature","geometry":{"type":"Point","coordinates":[4.825785,45.732629]},"properties":{"id":"osm:node/6354067554","src":"osm","name":"Sanitaire Public de la Place des Docteurs Charles et Christophe Mérieux","address":"Place des Docteurs Charles et Christophe Mérieux, 69007 Lyon","fee":false,"hours":"24/7","wheelchair":"yes","changing_table":null,"male_only":false,"supervised":false,"dry":null,"access":"yes","oos":false,"checked":null,"merged_from":["lyon:TOI-69387-710"]}},{"type":"Feature","geometry":{"type":"Point","coordinates":[4.820207,45.768911]},"properties":{"id":"osm:node/6365101376","src":"osm","name":"Sanitaire Public du 35 Cours du Général Giraud","address":"35, cours Général Giraud, 69001 Lyon","fee":false,"hours":"24/7","wheelchair":"no","changing_table":false,"male_only":true,"supervised":false,"dry":null,"access":"yes","oos":false,"checked":null,"merged_from":["lyon:TOI-69381-015"]}},{"type":"Feature","geometry":{"type":"Point","coordinates":[4.822806,45.748855]},"properties":{"id":"osm:node/6365121347","src":"osm","name":"Sanitaire Public de la Rue Dugas-Montbel","address":"12, rue Dugas Montbel, 69002 Lyon","fee":false,"hours":"24/7","wheelchair":"no","changing_table":false,"male_only":true,"supervised":false,"dry":null,"access":"yes","oos":false,"checked":null,"merged_from":["lyon:TOI-69382-026"]}},{"type":"Feature","geometry":{"type":"Point","coordinates":[4.847442,45.771932]},"properties":{"id":"osm:node/6376554197","src":"osm","name":"Sanitaire Public de la Rue Félix Jacquier","address":"36 rue Félix Jacquier, 69006 Lyon","fee":false,"hours":"Mo-Su 05:00-22:00","wheelchair":"yes","changing_table":null,"male_only":false,"supervised":false,"dry":null,"access":"yes","oos":false,"checked":null,"merged_from":["lyon:TOI-69386-613"]}},{"type":"Feature","geometry":{"type":"Point","coordinates":[4.864742,45.757029]},"properties":{"id":"osm:node/6376578748","src":"osm","name":"Sanitaire Public de la Rue Gabillot","address":"24, rue Gabillot, 69003 Lyon","fee":false,"hours":"Mo-Su 06:00-02:00","wheelchair":"yes","changing_table":false,"male_only":false,"supervised":false,"dry":null,"access":"yes","oos":false,"checked":null,"merged_from":["lyon:TOI-69383-316"]}},{"type":"Feature","geometry":{"type":"Point","coordinates":[4.832488,45.746721]},"properties":{"id":"osm:node/6376740121","src":"osm","name":"Sanitaire Public de l’Avenue Leclerc","address":"10, avenue Leclerc, 69007 Lyon","fee":false,"hours":"24/7","wheelchair":"no","changing_table":false,"male_only":true,"supervised":false,"dry":null,"access":"yes","oos":false,"checked":null,"merged_from":["lyon:TOI-69387-714"]}},{"type":"Feature","geometry":{"type":"Point","coordinates":[4.867008,45.729615]},"properties":{"id":"osm:node/6376747118","src":"osm","name":"Sanitaire Public de la Place du 8 Mai 1945 Sud-Est","address":null,"fee":false,"hours":"24/7","wheelchair":null,"changing_table":null,"male_only":true,"supervised":false,"dry":null,"access":"yes","oos":false,"checked":"2026-04-21"}},{"type":"Feature","geometry":{"type":"Point","coordinates":[4.791241,45.789239]},"properties":{"id":"osm:node/6376750941","src":"osm","name":"Sanitaire Public de la Rue de Beer-Sheva","address":"505 Rue de Beer-Sheva, 69009 Lyon","fee":false,"hours":"Mo-Su 05:00-22:00","wheelchair":"yes","changing_table":null,"male_only":false,"supervised":false,"dry":null,"access":"yes","oos":false,"checked":null,"merged_from":["lyon:TOI-69389-092"]}},{"type":"Feature","geometry":{"type":"Point","coordinates":[4.826668,45.801827]},"properties":{"id":"osm:node/6376754654","src":"osm","name":"Sanitaire Public de la Rue des Docteurs Cordier","address":"57, rue des Docteurs Cordier, 69009 Lyon","fee":false,"hours":"24/7","wheelchair":"yes","changing_table":false,"male_only":false,"supervised":false,"dry":null,"access":"yes","oos":false,"checked":null,"merged_from":["lyon:TOI-69389-095"]}},{"type":"Feature","geometry":{"type":"Point","coordinates":[4.797599,45.78963]},"properties":{"id":"osm:node/6376782482","src":"osm","name":"Sanitaire Public du Boulevard de Balmont","address":null,"fee":false,"hours":"Mo-Su 05:00-22:00","wheelchair":"yes","changing_table":null,"male_only":false,"supervised":false,"dry":null,"access":"yes","oos":false,"checked":null}},{"type":"Feature","geometry":{"type":"Point","coordinates":[4.805239,45.774008]},"properties":{"id":"osm:node/6376819507","src":"osm","name":"Sanitaire Public de la Place Ferber","address":"Place Ferber, 69009 Lyon","fee":false,"hours":"Mo-Su 06:00-02:00","wheelchair":"yes","changing_table":false,"male_only":false,"supervised":false,"dry":null,"access":"yes","oos":false,"checked":null,"merged_from":["lyon:TOI-69389-920"]}},{"type":"Feature","geometry":{"type":"Point","coordinates":[4.83238,45.775467]},"properties":{"id":"osm:node/6376852358","src":"osm","name":"Sanitaire Public de la Place de la Croix-Rousse","address":"21, place de la Croix-Rousse, 69004 Lyon","fee":false,"hours":"Mo-Su 06:00-02:00","wheelchair":"yes","changing_table":null,"male_only":false,"supervised":false,"dry":null,"access":"yes","oos":false,"checked":null,"merged_from":["lyon:TOI-69384-411"]}},{"type":"Feature","geometry":{"type":"Point","coordinates":[4.797298,45.756301]},"properties":{"id":"osm:node/6376862965","src":"osm","name":"Teissier","address":"Place Bénédict Tessier, 69005 Lyon","fee":false,"hours":"Mo-Su 06:00-02:00","wheelchair":"yes","changing_table":null,"male_only":false,"supervised":false,"dry":null,"access":"yes","oos":false,"checked":null,"merged_from":["lyon:TOI-69385-514"]}},{"type":"Feature","geometry":{"type":"Point","coordinates":[4.801295,45.757501]},"properties":{"id":"osm:node/6376869874","src":"osm","name":"Edmond Locard","address":"14, rue Docteur Edmond Locard, 69005 Lyon","fee":false,"hours":"Oct 1-Apr 30 08:00-19:00; May 1-Sep 30 08:00-22:00","wheelchair":"yes","changing_table":null,"male_only":false,"supervised":false,"dry":null,"access":"yes","oos":false,"checked":null,"merged_from":["lyon:TOI-69385-059"]}},{"type":"Feature","geometry":{"type":"Point","coordinates":[4.783952,45.749634]},"properties":{"id":"osm:node/6376880495","src":"osm","name":"César Geoffray","address":"Place César Geoffray, 69005 Lyon","fee":false,"hours":"Mo-Su 00:00-24:00; We 06:00-14:00","wheelchair":"yes","changing_table":null,"male_only":false,"supervised":false,"dry":null,"access":"yes","oos":false,"checked":null,"merged_from":["lyon:TOI-69385-054"]}},{"type":"Feature","geometry":{"type":"Point","coordinates":[4.840244,45.739523]},"properties":{"id":"osm:node/6376964389","src":"osm","name":"Sanitaire Public de la Place Jean Jaurès","address":"6 Place Jean Jaurès, 69007 Lyon","fee":false,"hours":"Mo-Su 05:00-22:00","wheelchair":"yes","changing_table":false,"male_only":false,"supervised":false,"dry":true,"access":"yes","oos":false,"checked":null,"merged_from":["lyon:TOI-69387-077"]}},{"type":"Feature","geometry":{"type":"Point","coordinates":[4.821485,45.72483]},"properties":{"id":"osm:node/6376964558","src":"osm","name":"Sanitaire Public du Parc de Gerland Lycée International","address":null,"fee":false,"hours":"Oct 15-Apr 14 06:30-20:30; Apr 15-Oct 14 06:30-22:30","wheelchair":"yes","changing_table":false,"male_only":false,"supervised":false,"dry":null,"access":"yes","oos":false,"checked":null}},{"type":"Feature","geometry":{"type":"Point","coordinates":[4.844415,45.77127]},"properties":{"id":"osm:node/639615062","src":"osm","name":"Sanitaire Public de la Place Puvis de Chavannes","address":null,"fee":false,"hours":"Mo-Su 06:00-02:00","wheelchair":"yes","changing_table":null,"male_only":false,"supervised":false,"dry":null,"access":"yes","oos":false,"checked":null}},{"type":"Feature","geometry":{"type":"Point","coordinates":[4.8459,45.765026]},"properties":{"id":"osm:node/639616513","src":"osm","name":"Sanitaire Public de la Rue Vendôme","address":"130, rue Vendôme, 69006 Lyon","fee":false,"hours":"Mo-Su 05:00-22:00","wheelchair":"yes","changing_table":null,"male_only":false,"supervised":false,"dry":null,"access":"yes","oos":false,"checked":"2025-08-04","merged_from":["lyon:TOI-69386-614"]}},{"type":"Feature","geometry":{"type":"Point","coordinates":[4.847725,45.759313]},"properties":{"id":"osm:node/639641294","src":"osm","name":"Sanitaire Public de la Place Guichard","address":"Place Guichard, 69003 Lyon","fee":false,"hours":"Mo-Su 06:00-22:00","wheelchair":"yes","changing_table":false,"male_only":false,"supervised":false,"dry":null,"access":"yes","oos":false,"checked":null,"merged_from":["lyon:TOI-69383-321"]}},{"type":"Feature","geometry":{"type":"Point","coordinates":[4.840392,45.761876]},"properties":{"id":"osm:node/6933028266","src":"osm","name":null,"address":null,"fee":null,"hours":null,"wheelchair":null,"changing_table":null,"male_only":false,"supervised":null,"dry":null,"access":"customers","oos":false,"checked":null}},{"type":"Feature","geometry":{"type":"Point","coordinates":[4.829765,45.768919]},"properties":{"id":"osm:node/7212447404","src":"osm","name":null,"address":null,"fee":null,"hours":null,"wheelchair":null,"changing_table":null,"male_only":false,"supervised":null,"dry":null,"access":"private","oos":false,"checked":null}},{"type":"Feature","geometry":{"type":"Point","coordinates":[4.81394,45.777935]},"properties":{"id":"osm:node/7323206365","src":"osm","name":null,"address":null,"fee":false,"hours":null,"wheelchair":null,"changing_table":null,"male_only":false,"supervised":null,"dry":null,"access":"yes","oos":false,"checked":null}},{"type":"Feature","geometry":{"type":"Point","coordinates":[4.840516,45.757412]},"properties":{"id":"osm:node/7549176101","src":"osm","name":null,"address":null,"fee":false,"hours":null,"wheelchair":"yes","changing_table":null,"male_only":false,"supervised":null,"dry":null,"access":"yes","oos":false,"checked":null}},{"type":"Feature","geometry":{"type":"Point","coordinates":[4.829027,45.766062]},"properties":{"id":"osm:node/8112732134","src":"osm","name":null,"address":null,"fee":false,"hours":null,"wheelchair":"yes","changing_table":false,"male_only":false,"supervised":null,"dry":null,"access":"yes","oos":false,"checked":null}},{"type":"Feature","geometry":{"type":"Point","coordinates":[4.829275,45.76476]},"properties":{"id":"osm:node/8112736332","src":"osm","name":null,"address":null,"fee":false,"hours":null,"wheelchair":"yes","changing_table":null,"male_only":false,"supervised":null,"dry":null,"access":"yes","oos":false,"checked":null}},{"type":"Feature","geometry":{"type":"Point","coordinates":[4.835822,45.761071]},"properties":{"id":"osm:node/8137624857","src":"osm","name":"République","address":"Place de la République, 69002 Lyon","fee":false,"hours":"Mo-Sa 08:00-19:30","wheelchair":"limited","changing_table":false,"male_only":false,"supervised":true,"dry":null,"access":"yes","oos":false,"checked":"2025-07-25","merged_from":["lyon:TOI-69382-213"]}},{"type":"Feature","geometry":{"type":"Point","coordinates":[4.830455,45.769458]},"properties":{"id":"osm:node/81757615","src":"osm","name":"Sanitaire Public de la Montée de l’Amphithéâtre","address":"Montée de l'Amphithéâtre, 69001 Lyon","fee":false,"hours":"24/7","wheelchair":"no","changing_table":null,"male_only":false,"supervised":false,"dry":null,"access":"yes","oos":false,"checked":null,"merged_from":["lyon:TOI-69381-016"]}},{"type":"Feature","geometry":{"type":"Point","coordinates":[4.856618,45.741812]},"properties":{"id":"osm:node/9043521161","src":"osm","name":null,"address":null,"fee":false,"hours":null,"wheelchair":"yes","changing_table":null,"male_only":false,"supervised":null,"dry":null,"access":"yes","oos":false,"checked":null}},{"type":"Feature","geometry":{"type":"Point","coordinates":[4.833665,45.748278]},"properties":{"id":"osm:node/9087977795","src":"osm","name":null,"address":null,"fee":false,"hours":null,"wheelchair":"no","changing_table":null,"male_only":false,"supervised":null,"dry":null,"access":"yes","oos":false,"checked":null}},{"type":"Feature","geometry":{"type":"Point","coordinates":[4.83745,45.752102]},"properties":{"id":"osm:node/9217176339","src":"osm","name":null,"address":null,"fee":false,"hours":null,"wheelchair":null,"changing_table":null,"male_only":false,"supervised":null,"dry":null,"access":"yes","oos":false,"checked":null}},{"type":"Feature","geometry":{"type":"Point","coordinates":[4.861948,45.753788]},"properties":{"id":"osm:node/924091166","src":"osm","name":"Dauphiné","address":"Esplanade Nelson Mandela, 69003 Lyon","fee":false,"hours":"Mo-Su 05:00-22:00","wheelchair":"yes","changing_table":false,"male_only":false,"supervised":null,"dry":null,"access":"yes","oos":true,"checked":null,"merged_from":["lyon:TOI-69383-034"]}},{"type":"Feature","geometry":{"type":"Point","coordinates":[4.841228,45.756612]},"properties":{"id":"osm:node/9348889189","src":"osm","name":null,"address":null,"fee":null,"hours":null,"wheelchair":"yes","changing_table":false,"male_only":false,"supervised":null,"dry":null,"access":"permissive","oos":false,"checked":null}},{"type":"Feature","geometry":{"type":"Point","coordinates":[4.845258,45.757084]},"properties":{"id":"osm:node/9572066122","src":"osm","name":"Bahadourian","address":"Place Djibraïl Bahadourian, 69003 Lyon","fee":false,"hours":"Mo-Su 05:00-22:00","wheelchair":"yes","changing_table":null,"male_only":false,"supervised":false,"dry":null,"access":"yes","oos":false,"checked":null,"merged_from":["lyon:TOI-69383-039"]}},{"type":"Feature","geometry":{"type":"Point","coordinates":[4.845293,45.757111]},"properties":{"id":"osm:node/9572066123","src":"osm","name":null,"address":null,"fee":false,"hours":null,"wheelchair":"yes","changing_table":null,"male_only":false,"supervised":false,"dry":null,"access":"yes","oos":false,"checked":null}},{"type":"Feature","geometry":{"type":"Point","coordinates":[4.845303,45.75712]},"properties":{"id":"osm:node/9572066124","src":"osm","name":null,"address":null,"fee":false,"hours":null,"wheelchair":"yes","changing_table":null,"male_only":false,"supervised":false,"dry":null,"access":"yes","oos":false,"checked":null}},{"type":"Feature","geometry":{"type":"Point","coordinates":[4.826353,45.760017]},"properties":{"id":"osm:node/95836798","src":"osm","name":"Sanitaire Public de l’Avenue du Doyenné","address":null,"fee":false,"hours":"Mo-Su 08:00-19:30","wheelchair":"yes","changing_table":null,"male_only":false,"supervised":true,"dry":null,"access":"permissive","oos":false,"checked":null}},{"type":"Feature","geometry":{"type":"Point","coordinates":[4.840706,45.75983]},"properties":{"id":"osm:node/9631596510","src":"osm","name":null,"address":null,"fee":null,"hours":null,"wheelchair":null,"changing_table":null,"male_only":false,"supervised":null,"dry":null,"access":"yes","oos":false,"checked":null}},{"type":"Feature","geometry":{"type":"Point","coordinates":[4.820583,45.783493]},"properties":{"id":"osm:node/9661152395","src":"osm","name":null,"address":null,"fee":null,"hours":null,"wheelchair":null,"changing_table":null,"male_only":false,"supervised":null,"dry":null,"access":"no","oos":false,"checked":null}},{"type":"Feature","geometry":{"type":"Point","coordinates":[4.837384,45.768378]},"properties":{"id":"osm:node/9673206040","src":"osm","name":null,"address":null,"fee":null,"hours":null,"wheelchair":null,"changing_table":null,"male_only":false,"supervised":null,"dry":null,"access":"yes","oos":false,"checked":null}},{"type":"Feature","geometry":{"type":"Point","coordinates":[4.837388,45.768358]},"properties":{"id":"osm:node/9673206041","src":"osm","name":null,"address":null,"fee":null,"hours":null,"wheelchair":null,"changing_table":null,"male_only":true,"supervised":null,"dry":null,"access":"yes","oos":false,"checked":null}},{"type":"Feature","geometry":{"type":"Point","coordinates":[4.821009,45.759254]},"properties":{"id":"osm:node/975480675","src":"osm","name":null,"address":null,"fee":false,"hours":null,"wheelchair":"yes","changing_table":null,"male_only":false,"supervised":null,"dry":null,"access":"yes","oos":false,"checked":null}},{"type":"Feature","geometry":{"type":"Point","coordinates":[4.831671,45.764465]},"properties":{"id":"osm:node/9820563668","src":"osm","name":"Parking LPA Saint Antoine","address":null,"fee":true,"hours":null,"wheelchair":null,"changing_table":null,"male_only":false,"supervised":true,"dry":null,"access":"permissive","oos":false,"checked":null}},{"type":"Feature","geometry":{"type":"Point","coordinates":[4.84089,45.765675]},"properties":{"id":"osm:node/9831759112","src":"osm","name":null,"address":null,"fee":false,"hours":null,"wheelchair":"yes","changing_table":null,"male_only":true,"supervised":null,"dry":null,"access":"yes","oos":false,"checked":null}},{"type":"Feature","geometry":{"type":"Point","coordinates":[4.840805,45.760885]},"properties":{"id":"osm:node/9834816882","src":"osm","name":null,"address":null,"fee":false,"hours":null,"wheelchair":null,"changing_table":null,"male_only":false,"supervised":null,"dry":null,"access":"yes","oos":false,"checked":null}},{"type":"Feature","geometry":{"type":"Point","coordinates":[4.840808,45.760908]},"properties":{"id":"osm:node/9834816883","src":"osm","name":null,"address":null,"fee":false,"hours":null,"wheelchair":null,"changing_table":null,"male_only":true,"supervised":null,"dry":null,"access":"yes","oos":false,"checked":null}},{"type":"Feature","geometry":{"type":"Point","coordinates":[4.840905,45.76566]},"properties":{"id":"osm:node/9863340925","src":"osm","name":null,"address":null,"fee":false,"hours":null,"wheelchair":"yes","changing_table":true,"male_only":false,"supervised":null,"dry":null,"access":"yes","oos":false,"checked":null}},{"type":"Feature","geometry":{"type":"Point","coordinates":[4.826574,45.774548]},"properties":{"id":"osm:node/987566590","src":"osm","name":"Tabareau","address":"3, place Tabareau, 69004 Lyon","fee":false,"hours":"24/7","wheelchair":"yes","changing_table":null,"male_only":false,"supervised":false,"dry":null,"access":"yes","oos":false,"checked":"2024-05-09","merged_from":["lyon:TOI-69384-044"]}},{"type":"Feature","geometry":{"type":"Point","coordinates":[4.881863,45.741461]},"properties":{"id":"osm:way/1046838388","src":"osm","name":"Toilettes Mixtes Aile B","address":null,"fee":false,"hours":null,"wheelchair":"yes","changing_table":null,"male_only":false,"supervised":null,"dry":null,"access":"yes","oos":false,"checked":null}},{"type":"Feature","geometry":{"type":"Point","coordinates":[4.880869,45.741432]},"properties":{"id":"osm:way/1046902671","src":"osm","name":"Toilettes RDC Hommes","address":null,"fee":false,"hours":null,"wheelchair":"yes","changing_table":null,"male_only":true,"supervised":null,"dry":null,"access":"yes","oos":false,"checked":null}},{"type":"Feature","geometry":{"type":"Point","coordinates":[4.880897,45.741521]},"properties":{"id":"osm:way/1046902672","src":"osm","name":"Toilettes RDC Femmes","address":null,"fee":false,"hours":null,"wheelchair":"yes","changing_table":null,"male_only":false,"supervised":null,"dry":null,"access":"yes","oos":false,"checked":null}},{"type":"Feature","geometry":{"type":"Point","coordinates":[4.881033,45.741164]},"properties":{"id":"osm:way/1046915260","src":"osm","name":"Toilettes Mixtes Aile D","address":null,"fee":false,"hours":null,"wheelchair":"yes","changing_table":null,"male_only":false,"supervised":null,"dry":null,"access":"yes","oos":false,"checked":null}},{"type":"Feature","geometry":{"type":"Point","coordinates":[4.881767,45.741177]},"properties":{"id":"osm:way/1046915261","src":"osm","name":"Toilettes Mixtes Aile C","address":null,"fee":false,"hours":null,"wheelchair":"yes","changing_table":null,"male_only":false,"supervised":null,"dry":null,"access":"yes","oos":false,"checked":null}},{"type":"Feature","geometry":{"type":"Point","coordinates":[4.881481,45.740681]},"properties":{"id":"osm:way/1047207859","src":"osm","name":"Toilettes Mixtes","address":null,"fee":false,"hours":null,"wheelchair":"yes","changing_table":null,"male_only":false,"supervised":null,"dry":null,"access":"yes","oos":false,"checked":null}},{"type":"Feature","geometry":{"type":"Point","coordinates":[4.881217,45.741708]},"properties":{"id":"osm:way/1047508029","src":"osm","name":"Toilettes Mixtes Aile A","address":null,"fee":false,"hours":null,"wheelchair":"yes","changing_table":null,"male_only":false,"supervised":null,"dry":null,"access":"yes","oos":false,"checked":null}},{"type":"Feature","geometry":{"type":"Point","coordinates":[4.881002,45.741611]},"properties":{"id":"osm:way/1047737364","src":"osm","name":"Toilettes personnels","address":null,"fee":null,"hours":null,"wheelchair":"yes","changing_table":null,"male_only":false,"supervised":null,"dry":null,"access":"private","oos":false,"checked":null}},{"type":"Feature","geometry":{"type":"Point","coordinates":[4.881219,45.741707]},"properties":{"id":"osm:way/1049153111","src":"osm","name":"Toilettes Mixtes Aile A","address":null,"fee":false,"hours":null,"wheelchair":"yes","changing_table":null,"male_only":false,"supervised":null,"dry":null,"access":"yes","oos":false,"checked":null}},{"type":"Feature","geometry":{"type":"Point","coordinates":[4.881034,45.741165]},"properties":{"id":"osm:way/1049153180","src":"osm","name":"Toilettes Mixtes Aile D","address":null,"fee":false,"hours":null,"wheelchair":"yes","changing_table":false,"male_only":false,"supervised":null,"dry":null,"access":"yes","oos":false,"checked":null}},{"type":"Feature","geometry":{"type":"Point","coordinates":[4.881035,45.741166]},"properties":{"id":"osm:way/1049960203","src":"osm","name":"Toilettes Mixtes Aile D","address":null,"fee":false,"hours":null,"wheelchair":"yes","changing_table":false,"male_only":false,"supervised":null,"dry":null,"access":"permissive","oos":false,"checked":null}},{"type":"Feature","geometry":{"type":"Point","coordinates":[4.880636,45.741474]},"properties":{"id":"osm:way/1049960204","src":"osm","name":"Toilettes BU Hommes","address":null,"fee":false,"hours":null,"wheelchair":"yes","changing_table":false,"male_only":true,"supervised":null,"dry":null,"access":"permissive","oos":false,"checked":null}},{"type":"Feature","geometry":{"type":"Point","coordinates":[4.88067,45.741568]},"properties":{"id":"osm:way/1049960205","src":"osm","name":"Toilettes BU Femmes","address":null,"fee":false,"hours":null,"wheelchair":"yes","changing_table":false,"male_only":false,"supervised":null,"dry":null,"access":"permissive","oos":false,"checked":null}},{"type":"Feature","geometry":{"type":"Point","coordinates":[4.881005,45.741612]},"properties":{"id":"osm:way/1049960241","src":"osm","name":"Toilettes Mixtes RAH","address":null,"fee":false,"hours":null,"wheelchair":"yes","changing_table":false,"male_only":false,"supervised":null,"dry":null,"access":"permissive","oos":false,"checked":null}},{"type":"Feature","geometry":{"type":"Point","coordinates":[4.881553,45.740549]},"properties":{"id":"osm:way/1052707530","src":"osm","name":"Toilettes Mixtes Aile C","address":null,"fee":false,"hours":null,"wheelchair":"yes","changing_table":false,"male_only":false,"supervised":null,"dry":null,"access":"permissive","oos":false,"checked":null}},{"type":"Feature","geometry":{"type":"Point","coordinates":[4.85649,45.761188]},"properties":{"id":"osm:way/1069638353","src":"osm","name":null,"address":null,"fee":null,"hours":null,"wheelchair":null,"changing_table":null,"male_only":false,"supervised":null,"dry":null,"access":"yes","oos":false,"checked":null}},{"type":"Feature","geometry":{"type":"Point","coordinates":[4.793645,45.783944]},"properties":{"id":"osm:way/1070886926","src":"osm","name":null,"address":null,"fee":null,"hours":null,"wheelchair":"yes","changing_table":null,"male_only":false,"supervised":null,"dry":null,"access":"yes","oos":false,"checked":null}},{"type":"Feature","geometry":{"type":"Point","coordinates":[4.820987,45.774412]},"properties":{"id":"osm:way/1103868814","src":"osm","name":null,"address":null,"fee":null,"hours":null,"wheelchair":"no","changing_table":null,"male_only":false,"supervised":null,"dry":null,"access":"yes","oos":false,"checked":null}},{"type":"Feature","geometry":{"type":"Point","coordinates":[4.820362,45.774547]},"properties":{"id":"osm:way/1103868816","src":"osm","name":null,"address":null,"fee":null,"hours":null,"wheelchair":"no","changing_table":null,"male_only":false,"supervised":null,"dry":null,"access":"yes","oos":false,"checked":null}},{"type":"Feature","geometry":{"type":"Point","coordinates":[4.820981,45.773742]},"properties":{"id":"osm:way/1103868824","src":"osm","name":null,"address":null,"fee":null,"hours":null,"wheelchair":"no","changing_table":null,"male_only":false,"supervised":null,"dry":null,"access":"yes","oos":false,"checked":null}},{"type":"Feature","geometry":{"type":"Point","coordinates":[4.820321,45.773505]},"properties":{"id":"osm:way/1103868841","src":"osm","name":null,"address":null,"fee":null,"hours":null,"wheelchair":null,"changing_table":null,"male_only":false,"supervised":null,"dry":null,"access":"private","oos":false,"checked":null}},{"type":"Feature","geometry":{"type":"Point","coordinates":[4.860867,45.759564]},"properties":{"id":"osm:way/1165439501","src":"osm","name":null,"address":null,"fee":true,"hours":"06:00-24:00","wheelchair":"yes","changing_table":true,"male_only":false,"supervised":null,"dry":null,"access":"yes","oos":false,"checked":null}},{"type":"Feature","geometry":{"type":"Point","coordinates":[4.825804,45.748476]},"properties":{"id":"osm:way/1166154831","src":"osm","name":null,"address":null,"fee":true,"hours":null,"wheelchair":"yes","changing_table":null,"male_only":false,"supervised":null,"dry":null,"access":"yes","oos":false,"checked":null}},{"type":"Feature","geometry":{"type":"Point","coordinates":[4.820802,45.773946]},"properties":{"id":"osm:way/1185233517","src":"osm","name":null,"address":null,"fee":null,"hours":null,"wheelchair":"no","changing_table":null,"male_only":false,"supervised":null,"dry":null,"access":"yes","oos":false,"checked":null}},{"type":"Feature","geometry":{"type":"Point","coordinates":[4.820976,45.774025]},"properties":{"id":"osm:way/1185233525","src":"osm","name":null,"address":null,"fee":null,"hours":null,"wheelchair":"no","changing_table":null,"male_only":false,"supervised":null,"dry":null,"access":"private","oos":false,"checked":null}},{"type":"Feature","geometry":{"type":"Point","coordinates":[4.8205,45.774529]},"properties":{"id":"osm:way/1185233527","src":"osm","name":null,"address":null,"fee":null,"hours":null,"wheelchair":"no","changing_table":null,"male_only":false,"supervised":null,"dry":null,"access":"yes","oos":false,"checked":null}},{"type":"Feature","geometry":{"type":"Point","coordinates":[4.820077,45.773748]},"properties":{"id":"osm:way/1185233529","src":"osm","name":null,"address":null,"fee":null,"hours":null,"wheelchair":"no","changing_table":null,"male_only":false,"supervised":null,"dry":null,"access":"yes","oos":false,"checked":null}},{"type":"Feature","geometry":{"type":"Point","coordinates":[4.819718,45.77405]},"properties":{"id":"osm:way/1185233530","src":"osm","name":null,"address":null,"fee":null,"hours":null,"wheelchair":"no","changing_table":null,"male_only":false,"supervised":null,"dry":null,"access":"yes","oos":false,"checked":null}},{"type":"Feature","geometry":{"type":"Point","coordinates":[4.819865,45.774399]},"properties":{"id":"osm:way/1185233533","src":"osm","name":null,"address":null,"fee":null,"hours":null,"wheelchair":"no","changing_table":null,"male_only":false,"supervised":null,"dry":null,"access":"yes","oos":false,"checked":null}},{"type":"Feature","geometry":{"type":"Point","coordinates":[4.820541,45.774542]},"properties":{"id":"osm:way/1185233538","src":"osm","name":null,"address":null,"fee":null,"hours":null,"wheelchair":"no","changing_table":null,"male_only":false,"supervised":null,"dry":null,"access":"yes","oos":false,"checked":null}},{"type":"Feature","geometry":{"type":"Point","coordinates":[4.82015,45.773824]},"properties":{"id":"osm:way/1185233553","src":"osm","name":null,"address":null,"fee":null,"hours":null,"wheelchair":"yes","changing_table":null,"male_only":false,"supervised":null,"dry":null,"access":"yes","oos":false,"checked":null}},{"type":"Feature","geometry":{"type":"Point","coordinates":[4.820746,45.773957]},"properties":{"id":"osm:way/1185233654","src":"osm","name":null,"address":null,"fee":null,"hours":null,"wheelchair":"no","changing_table":null,"male_only":false,"supervised":null,"dry":null,"access":"yes","oos":false,"checked":null}},{"type":"Feature","geometry":{"type":"Point","coordinates":[4.887132,45.749584]},"properties":{"id":"osm:way/1193077431","src":"osm","name":"Sanitaire Public de la Place du Château","address":"Place du Château, 69003 Lyon","fee":false,"hours":"Mo-Su 06:00-02:00","wheelchair":"yes","changing_table":null,"male_only":false,"supervised":false,"dry":null,"access":"yes","oos":false,"checked":null,"merged_from":["lyon:TOI-69383-322"]}},{"type":"Feature","geometry":{"type":"Point","coordinates":[4.895416,45.74887]},"properties":{"id":"osm:way/1224381157","src":"osm","name":"Chambovet","address":"rue Chambovet, 69003 Lyon","fee":false,"hours":"Mo-Su 08:00-22:00","wheelchair":"yes","changing_table":null,"male_only":false,"supervised":null,"dry":null,"access":"yes","oos":false,"checked":null,"merged_from":["lyon:TOI-69383-033"]}},{"type":"Feature","geometry":{"type":"Point","coordinates":[4.789535,45.755399]},"properties":{"id":"osm:way/125551889","src":"osm","name":"Murières","address":"Rue Joliot Curie, 69005 Lyon","fee":null,"hours":"","wheelchair":null,"changing_table":null,"male_only":false,"supervised":null,"dry":null,"access":"yes","oos":false,"checked":null,"merged_from":["lyon:TOI-69385-510"]}},{"type":"Feature","geometry":{"type":"Point","coordinates":[4.817534,45.737569]},"properties":{"id":"osm:way/1299769375","src":"osm","name":null,"address":null,"fee":false,"hours":"Mo-Su 10:00-20:00","wheelchair":"yes","changing_table":null,"male_only":false,"supervised":null,"dry":null,"access":"yes","oos":false,"checked":null}},{"type":"Feature","geometry":{"type":"Point","coordinates":[4.882214,45.740575]},"properties":{"id":"osm:way/1301940760","src":"osm","name":"Toilettes mixtes","address":null,"fee":false,"hours":null,"wheelchair":"yes","changing_table":null,"male_only":false,"supervised":null,"dry":null,"access":"yes","oos":false,"checked":null}},{"type":"Feature","geometry":{"type":"Point","coordinates":[4.882099,45.740593]},"properties":{"id":"osm:way/1301942066","src":"osm","name":"Toilettes femmes","address":null,"fee":false,"hours":null,"wheelchair":"yes","changing_table":null,"male_only":false,"supervised":null,"dry":null,"access":"yes","oos":false,"checked":null}},{"type":"Feature","geometry":{"type":"Point","coordinates":[4.88209,45.740556]},"properties":{"id":"osm:way/1301942067","src":"osm","name":"Toilettes hommes","address":null,"fee":false,"hours":null,"wheelchair":"yes","changing_table":null,"male_only":true,"supervised":null,"dry":null,"access":"yes","oos":false,"checked":null}},{"type":"Feature","geometry":{"type":"Point","coordinates":[4.882763,45.74083]},"properties":{"id":"osm:way/1302277865","src":"osm","name":null,"address":null,"fee":null,"hours":null,"wheelchair":"yes","changing_table":null,"male_only":false,"supervised":null,"dry":null,"access":"yes","oos":false,"checked":null}},{"type":"Feature","geometry":{"type":"Point","coordinates":[4.882725,45.740821]},"properties":{"id":"osm:way/1302277866","src":"osm","name":null,"address":null,"fee":null,"hours":null,"wheelchair":"yes","changing_table":null,"male_only":false,"supervised":null,"dry":null,"access":"yes","oos":false,"checked":null}},{"type":"Feature","geometry":{"type":"Point","coordinates":[4.882773,45.740864]},"properties":{"id":"osm:way/1302283595","src":"osm","name":null,"address":null,"fee":null,"hours":null,"wheelchair":null,"changing_table":null,"male_only":false,"supervised":null,"dry":null,"access":"yes","oos":false,"checked":null}},{"type":"Feature","geometry":{"type":"Point","coordinates":[4.882785,45.740834]},"properties":{"id":"osm:way/1302283596","src":"osm","name":null,"address":null,"fee":null,"hours":null,"wheelchair":null,"changing_table":null,"male_only":false,"supervised":null,"dry":null,"access":"yes","oos":false,"checked":null}},{"type":"Feature","geometry":{"type":"Point","coordinates":[4.882236,45.74061]},"properties":{"id":"osm:way/1304835807","src":"osm","name":null,"address":null,"fee":false,"hours":null,"wheelchair":"yes","changing_table":null,"male_only":false,"supervised":null,"dry":null,"access":"yes","oos":false,"checked":null}},{"type":"Feature","geometry":{"type":"Point","coordinates":[4.859126,45.759249]},"properties":{"id":"osm:way/1324402623","src":"osm","name":null,"address":null,"fee":true,"hours":"Mo-Su 07:00-22:00","wheelchair":"yes","changing_table":true,"male_only":false,"supervised":null,"dry":null,"access":"yes","oos":false,"checked":null}},{"type":"Feature","geometry":{"type":"Point","coordinates":[4.823581,45.720326]},"properties":{"id":"osm:way/1349945766","src":"osm","name":"Sanitaire Public du Parc de Gerland Plaine des Jeux","address":null,"fee":false,"hours":"Oct 15-Apr 14 06:30-20:30; Apr 15-Oct 14 06:30-22:30","wheelchair":"yes","changing_table":false,"male_only":false,"supervised":false,"dry":null,"access":"yes","oos":false,"checked":null}},{"type":"Feature","geometry":{"type":"Point","coordinates":[4.881182,45.74063]},"properties":{"id":"osm:way/1355119714","src":"osm","name":null,"address":null,"fee":false,"hours":null,"wheelchair":"no","changing_table":null,"male_only":false,"supervised":null,"dry":null,"access":"yes","oos":false,"checked":null}},{"type":"Feature","geometry":{"type":"Point","coordinates":[4.879268,45.741724]},"properties":{"id":"osm:way/1355127945","src":"osm","name":null,"address":null,"fee":null,"hours":null,"wheelchair":null,"changing_table":null,"male_only":false,"supervised":null,"dry":null,"access":"yes","oos":false,"checked":null}},{"type":"Feature","geometry":{"type":"Point","coordinates":[4.879268,45.741724]},"properties":{"id":"osm:way/1355130647","src":"osm","name":null,"address":null,"fee":null,"hours":null,"wheelchair":"no","changing_table":null,"male_only":false,"supervised":null,"dry":null,"access":"yes","oos":false,"checked":null}},{"type":"Feature","geometry":{"type":"Point","coordinates":[4.879268,45.741724]},"properties":{"id":"osm:way/1355132801","src":"osm","name":null,"address":null,"fee":null,"hours":null,"wheelchair":"no","changing_table":null,"male_only":false,"supervised":null,"dry":null,"access":"yes","oos":false,"checked":null}},{"type":"Feature","geometry":{"type":"Point","coordinates":[4.88285,45.741633]},"properties":{"id":"osm:way/1355134885","src":"osm","name":null,"address":null,"fee":null,"hours":null,"wheelchair":"no","changing_table":null,"male_only":false,"supervised":null,"dry":null,"access":"yes","oos":false,"checked":null}},{"type":"Feature","geometry":{"type":"Point","coordinates":[4.882848,45.741628]},"properties":{"id":"osm:way/1355134891","src":"osm","name":null,"address":null,"fee":null,"hours":null,"wheelchair":null,"changing_table":null,"male_only":false,"supervised":null,"dry":null,"access":"yes","oos":false,"checked":null}},{"type":"Feature","geometry":{"type":"Point","coordinates":[4.820314,45.774887]},"properties":{"id":"osm:way/1355634280","src":"osm","name":null,"address":null,"fee":null,"hours":null,"wheelchair":"yes","changing_table":null,"male_only":false,"supervised":null,"dry":null,"access":"yes","oos":false,"checked":null}},{"type":"Feature","geometry":{"type":"Point","coordinates":[4.820235,45.774886]},"properties":{"id":"osm:way/1355634281","src":"osm","name":null,"address":null,"fee":null,"hours":null,"wheelchair":"no","changing_table":null,"male_only":false,"supervised":null,"dry":null,"access":"yes","oos":false,"checked":null}},{"type":"Feature","geometry":{"type":"Point","coordinates":[4.820219,45.77491]},"properties":{"id":"osm:way/1355634282","src":"osm","name":null,"address":null,"fee":null,"hours":null,"wheelchair":"no","changing_table":null,"male_only":true,"supervised":null,"dry":null,"access":"yes","oos":false,"checked":null}},{"type":"Feature","geometry":{"type":"Point","coordinates":[4.820206,45.774929]},"properties":{"id":"osm:way/1355634283","src":"osm","name":null,"address":null,"fee":null,"hours":null,"wheelchair":"yes","changing_table":null,"male_only":false,"supervised":null,"dry":null,"access":"yes","oos":false,"checked":null}},{"type":"Feature","geometry":{"type":"Point","coordinates":[4.820175,45.774964]},"properties":{"id":"osm:way/1355638958","src":"osm","name":null,"address":null,"fee":null,"hours":null,"wheelchair":"yes","changing_table":null,"male_only":false,"supervised":null,"dry":null,"access":"private","oos":false,"checked":null}},{"type":"Feature","geometry":{"type":"Point","coordinates":[4.820319,45.774963]},"properties":{"id":"osm:way/1355638966","src":"osm","name":null,"address":null,"fee":null,"hours":null,"wheelchair":"yes","changing_table":null,"male_only":false,"supervised":null,"dry":null,"access":"yes","oos":false,"checked":null}},{"type":"Feature","geometry":{"type":"Point","coordinates":[4.820288,45.774954]},"properties":{"id":"osm:way/1355638967","src":"osm","name":null,"address":null,"fee":null,"hours":null,"wheelchair":"yes","changing_table":null,"male_only":false,"supervised":null,"dry":null,"access":"yes","oos":false,"checked":null}},{"type":"Feature","geometry":{"type":"Point","coordinates":[4.895054,45.748111]},"properties":{"id":"osm:way/1390626079","src":"osm","name":null,"address":null,"fee":false,"hours":null,"wheelchair":null,"changing_table":null,"male_only":false,"supervised":null,"dry":null,"access":"yes","oos":false,"checked":null}},{"type":"Feature","geometry":{"type":"Point","coordinates":[4.857258,45.732537]},"properties":{"id":"osm:way/1535980473","src":"osm","name":null,"address":null,"fee":null,"hours":null,"wheelchair":"yes","changing_table":null,"male_only":false,"supervised":null,"dry":null,"access":"yes","oos":false,"checked":null}},{"type":"Feature","geometry":{"type":"Point","coordinates":[4.817748,45.775023]},"properties":{"id":"osm:way/300695168","src":"osm","name":null,"address":null,"fee":false,"hours":null,"wheelchair":"yes","changing_table":null,"male_only":false,"supervised":null,"dry":null,"access":"yes","oos":false,"checked":null}},{"type":"Feature","geometry":{"type":"Point","coordinates":[4.792087,45.786154]},"properties":{"id":"osm:way/422677576","src":"osm","name":null,"address":null,"fee":false,"hours":null,"wheelchair":"yes","changing_table":null,"male_only":false,"supervised":null,"dry":null,"access":"yes","oos":false,"checked":null}},{"type":"Feature","geometry":{"type":"Point","coordinates":[4.85726,45.74377]},"properties":{"id":"osm:way/482052436","src":"osm","name":null,"address":null,"fee":false,"hours":null,"wheelchair":"yes","changing_table":null,"male_only":false,"supervised":null,"dry":null,"access":"yes","oos":false,"checked":null}},{"type":"Feature","geometry":{"type":"Point","coordinates":[4.856779,45.780814]},"properties":{"id":"osm:way/614254151","src":"osm","name":"Les Bus","address":"allée du chalet, 69006 Lyon","fee":false,"hours":"Mo-Su 06:30-22:30","wheelchair":"yes","changing_table":true,"male_only":false,"supervised":null,"dry":null,"access":"yes","oos":false,"checked":null,"merged_from":["lyon:TOI-69386-062"]}},{"type":"Feature","geometry":{"type":"Point","coordinates":[4.858594,45.781986]},"properties":{"id":"osm:way/62277092","src":"osm","name":"Ébats","address":null,"fee":false,"hours":null,"wheelchair":"yes","changing_table":false,"male_only":false,"supervised":null,"dry":null,"access":"yes","oos":false,"checked":null}},{"type":"Feature","geometry":{"type":"Point","coordinates":[4.850359,45.775288]},"properties":{"id":"osm:way/62277102","src":"osm","name":"Coupole","address":null,"fee":false,"hours":null,"wheelchair":"yes","changing_table":null,"male_only":false,"supervised":null,"dry":null,"access":"yes","oos":false,"checked":null}},{"type":"Feature","geometry":{"type":"Point","coordinates":[4.856468,45.782766]},"properties":{"id":"osm:way/62277172","src":"osm","name":null,"address":null,"fee":false,"hours":null,"wheelchair":null,"changing_table":null,"male_only":false,"supervised":null,"dry":null,"access":"customers","oos":false,"checked":null}},{"type":"Feature","geometry":{"type":"Point","coordinates":[4.851453,45.777596]},"properties":{"id":"osm:way/62277250","src":"osm","name":"Enfants du Rhône","address":"place général Leclerc, 69006 Lyon","fee":false,"hours":"Mo-Su 06:30-22:30","wheelchair":"yes","changing_table":false,"male_only":false,"supervised":null,"dry":null,"access":"yes","oos":false,"checked":null,"merged_from":["lyon:TOI-69386-064","lyon:TOI-69386-066"]}},{"type":"Feature","geometry":{"type":"Point","coordinates":[4.853943,45.773687]},"properties":{"id":"osm:way/62277254","src":"osm","name":"Daims","address":null,"fee":false,"hours":null,"wheelchair":"yes","changing_table":true,"male_only":false,"supervised":null,"dry":null,"access":"yes","oos":false,"checked":null}},{"type":"Feature","geometry":{"type":"Point","coordinates":[4.856707,45.779401]},"properties":{"id":"osm:way/62277286","src":"osm","name":"Voûte","address":null,"fee":false,"hours":null,"wheelchair":"yes","changing_table":false,"male_only":false,"supervised":null,"dry":null,"access":"yes","oos":false,"checked":null}},{"type":"Feature","geometry":{"type":"Point","coordinates":[4.851702,45.78317]},"properties":{"id":"osm:way/62277306","src":"osm","name":null,"address":null,"fee":false,"hours":null,"wheelchair":"yes","changing_table":null,"male_only":false,"supervised":null,"dry":null,"access":"yes","oos":false,"checked":null}},{"type":"Feature","geometry":{"type":"Point","coordinates":[4.881144,45.751977]},"properties":{"id":"osm:way/62341122","src":"osm","name":"Bazin","address":"avenue des acacias, 69003 Lyon","fee":false,"hours":"Mo-Su 08:00-22:00","wheelchair":"no","changing_table":null,"male_only":false,"supervised":null,"dry":null,"access":"yes","oos":false,"checked":null,"merged_from":["lyon:TOI-69383-312"]}},{"type":"Feature","geometry":{"type":"Point","coordinates":[4.868464,45.751996]},"properties":{"id":"osm:way/62342045","src":"osm","name":"Sisley","address":"8, rue Professeur Paul Sisley, 69003 Lyon","fee":false,"hours":"","wheelchair":"yes","changing_table":null,"male_only":false,"supervised":null,"dry":null,"access":"yes","oos":true,"checked":null,"merged_from":["lyon:TOI-69383-031"]}},{"type":"Feature","geometry":{"type":"Point","coordinates":[4.877255,45.748918]},"properties":{"id":"osm:way/753671777","src":"osm","name":null,"address":null,"fee":false,"hours":null,"wheelchair":"yes","changing_table":null,"male_only":false,"supervised":null,"dry":null,"access":"yes","oos":false,"checked":null}},{"type":"Feature","geometry":{"type":"Point","coordinates":[4.814988,45.743459]},"properties":{"id":"osm:way/806804020","src":"osm","name":"Sanitaire Public de la Confluence","address":"place de la capitainerie, 69002 Lyon","fee":false,"hours":"Mo-Su 05:00-22:00","wheelchair":"yes","changing_table":false,"male_only":false,"supervised":null,"dry":null,"access":"yes","oos":false,"checked":null,"merged_from":["lyon:TOI-69382-022"]}},{"type":"Feature","geometry":{"type":"Point","coordinates":[4.823449,45.777559]},"properties":{"id":"osm:way/95094185","src":"osm","name":"Popy","address":"rue Henri Gorjus, 69004 Lyon","fee":false,"hours":"Mo-Su 08:00-22:00","wheelchair":"no","changing_table":null,"male_only":true,"supervised":null,"dry":null,"access":"yes","oos":false,"checked":null,"merged_from":["lyon:TOI-69384-046"]}}]}